Listing_Title,County,Price,Net_Area_(m²),Gross_Area_(m²),Room-Living_Room_Count,Room_Count,Bathroom_Count,Photo_Count
KOZYATAĞI'NDA MİNİBÜS CAD. YAKINI KİRALIK NET 83 m² GİRİŞ KAT,"Kadıköy,",55.000,83,100,2+1,2,1,36
Selenium Twins Residence Kiralık 1+1 Daire,"Beşiktaş,",60.000,70,96,1+1,1,1,30
Selenium Twins Residence Kiralık Boğaz Manzaralı 3.5+1 Daire,"Beşiktaş,",150.000,180,270,3+1,3,3,30
"ATIŞALANI KEMER MAH. STADA YAKIN, BÜYÜK 2+1 100m2 3.KAT TEMİZ,KULLANIŞLI FERAH KİRALIK DAİRE","Esenler,",20.000,100,110,2+1,2,2,26
Beyoğlu 1+1 Kiralık Daire Tarihi Binada Eşyalı ve Geniş,"Beyoğlu,",37.000,80,90,1+1,1,1,20
Fahrettin Kerim Gökay Caddesi 3+1 Sıfır Kiralık Daire,"Kadıköy,",82.000,100,130,3+1,3,1,38
DERİN'DEN HİM CADDE'DE FULL EŞYALI 2+1 DUBLEKS DAİRE!!,"Eyüpsultan,",46.000,72,86,2+1,2,2,214
EMLAK KONUT ÇINARKÖY EVLERİ 2+1 KAPALI MUTFAK GÜNCEL SIFIR KİRALIK DAİRE,"Çekmeköy,",60.000,80,120,2+1,2,2,38
ÇINARKÖY EVLERİNDE 3+1 SIFIR BİNADA GÜNCEL KİRALIK DAİRE,"Çekmeköy,",75.000,105,140,3+1,3,2,56
EMLAK KONUT ÇINARKÖY 3+1 ARA KAT GÜNCEL KİRALIK DAİRE,"Çekmeköy,",90.000,120,180,3+1,3,2,34
VADİSTANBUL TERAS 4+1 HAVUZ CEPHE KİRALIK GÜNCEL DAİRE,"Sarıyer,",130.000,155,210,4+1,4,2,29
VADİSTANBUL TERAS 3+1 ORMAN MANZARALI KİRALIK GÜNCEL DAİRE,"Sarıyer,",120.000,130,180,3+1,3,2,54
ZEKERİYAKÖY LİVE AND WORK 2+1 DUBLEKS KİRALIK DAİRE,"Sarıyer,",65.000,75,120,2+1,2,1,52
VADİSTANBUL TERAS 1+1 KÖŞE ORMAN MANZARALI KİRALIK DAİRE,"Sarıyer,",55.000,58,81,1+1,1,1,35
VADİSTANBUL TERAS 3+1 FURNISHED PRIVATE TERRACE FLAT FOR RENT,"Sarıyer,",138.000,130,220,3+1,3,2,32
VADİSTANBUL TERAS 4+1 TERASLI KİRALIK GÜNCEL DAİRE,"Sarıyer,",136.000,210,243,4+1,4,2,50
VADİSTANBUL TERAS 1+1 APARTMENT FOR RENT WITH FOREST VIEW,"Sarıyer,",55.000,58,81,1+1,1,1,70
REOR DAN GAYRETTEPE 'DE BULVARA YAKIN ÇİFT BALKON GENİŞ MUTFAK,"Beşiktaş,",65.000,115,160,2+1,2,2,35
YEŞİLPINAR METRO HATTINA 3 DK TOPLU TAŞIMA 1 DK AVM 5 DK.,"Eyüpsultan,",18.500,60,70,2+1,2,1,56
LOTUS NİŞANTAŞI AYLIK ÖDEME UYGUN MÜSTAKİL 2+1 DAİRE,"Şişli,",117.000,118,124,2+1,2,2,23
Bahçelievler Yenibosna İstwest Kiralık 1+1 Boş Daire,"Bahçelievler,",29.000,50,73,1+1,1,1,64
Beyoglu Galata Rental Flat 1+1 Historical Building Bills Included Furnished,"Beyoğlu,",56.000,65,70,1+1,1,1,26
Beyoğlu Cihangir 2+1 Kiralık Daire Tramvay Yakını Eşyalı,"Beyoğlu,",50.000,90,100,2+1,2,1,31
Beyoğlu Kiralık Daire 2+1 Eşyalı  Balkonlu Güneş Alan Galataport'a Çok Yakın,"Beyoğlu,",40.000,65,80,2+1,2,1,23
Zorlu Center Kiralık 2+1 179 m2 Teraslı AVM Cephe Daire,"Beşiktaş,",310.000,140,179,2+1,2,1,56
Hayalinizdeki Yaşama Bir Adım Uzaktasınız!Doğa İle İç İçe Yaşam!,"Eyüpsultan,",95.000,108,148,3+1,3,2,24
Vista Göktürk'te Hayalinizdeki Yaşam Alanı!,"Eyüpsultan,",85.000,96,132,2+1,2,2,23
DERİN'DEN İSTANBUL BİS SİTESİNDE HARİKA 2+1 DAİRE,"Eyüpsultan,",63.000,110,123,2+1,2,2,54
Hayalinizdeki Lüks Ve Konfor Bir Arada!Belgrad Ormanının Yanında,"Eyüpsultan,",125.000,165,215,10 ve üzeri,10 ve üzeri,3,24
"Göktürk' de  merkezi konum, eşyalı 2+1 KİRALIK daire","Eyüpsultan,",32.000,57,65,2+1,2,1,29
DERİN GAYRİMENKUL'DEN HİM STAY'DEN FULL EŞYALI 1+1 DAİRE !!,"Eyüpsultan,",39.000,50,60,1+1,1,1,50
YEŞİLYURT EMLAKTAN YEŞİLYURTTA TEMİZ AYDINLIK 4+1 200M2 ARAKAT,"Bakırköy,",90.000,180,200,4+1,4,2,22
2.ULUS CADDEYE ROBERT KOLEJE AKMERKEZE YAKIN 3+1 DAİRE,"Beşiktaş,",65.000,120,130,3+1,3,1,20
TÜRKİYE EMLAK'DAN TUNA MAH 2+1 KİRALIK 100m2 BAHÇE KAT DAİRE,"Esenler,",12.000,90,100,2+1,2,1,17
TÜRKİYE EMLAK'DAN FATİH MAH 2+1 KİRALIK 120m2 3.KAT DAİRE,"Esenler,",20.000,110,120,2+1,2,1,17
TORUNLAR EMLAK KİRALIK Bekara Uygun 1+1 BODRUM DAİRE KİRAZLI,"Bağcılar,",8.000,50,55,1+1,1,1,8
GÖZTEPE KEMAL KAYACAN SOKAK YENİ BİNADA 2+1 KİRALIK DAİRE,"Kadıköy,",75.000,90,120,2+1,2,1,16
"SUADİYE KAVİSLİ SOKAK ÜZERİNDE 160 M2, 4+1 DAİRE..","Kadıköy,",65.000,130,160,4+1,4,2,14
MALTEPE ALTAYÇEŞME'DE ARAKAT ÖN CEHPE YENİ BİNADA 2+1 KİRALIK,"Maltepe,",35.500,70,80,2+1,2,1,3
FOR RENT FURNISHED ROTANA BOMONTI RESIDENCE 2+1 KIRALIK ESYALI,"Şişli,",80.000,85,120,2+1,2,2,10
TARABYA CUMHURİYETDE BAHÇELİ KİRALIK DAİRE,"Sarıyer,",37.500,150,165,3+1,3,2,11
Mecidiyeköy 2+1 eşyalı kiralık daire,"Şişli,",25.000,70,100,2+1,2,1,12
AVCILAR CİHANGİRDE 1+1 KİRALIK DAİRE,"Avcılar,",21.000,55,58,1+1,1,1,9
ESENYURT TURGUT ÖZAL MAH 2+1 TOİRUM DİBİNDE KİRALIK DAİRE,"Esenyurt,",15.000,90,95,2+1,2,1,14
EXTENSA BOMONTİ APARTMAN'DA KİRALIK STÜDYO DAİRE,"Şişli,",42.000,50,70,1+0 (Stüdyo),1+0 (Stüdyo),1,7
Mecidiyeköy 1+1 eşyalı kiralık daire asansörlü,"Şişli,",19.000,60,70,1+1,1,1,7
"REALTY WORLD Studio DAN MERKEZI ,EŞYALI MASRAFSIZ (AÇIKLAMA!)","Beşiktaş,",27.000,45,60,1+1,1,1,22
ÇUKURCUMADA 2+1 GALATA KULESİ MANZARALI LÜKS EŞYALI KİRALIK DAİRE,"Beyoğlu,",60.000,75,80,2+1,2,1,31
TÜRKİYE EMLAK'DAN FATİH MAH 2+1 MEMURA KİRALIK 115m2 1.KAT DAİRE,"Esenler,",21.000,105,115,2+1,2,1,17
BOŞ VE HEMEN TAŞINMAYA UYGUN! 4+2 DUBLEKS KİRALIK DAİRE,"Esenyurt,",30.000,179,200,4+2,4,2,18
KAMEROĞLU METROHOME KİRALIK EŞYALI 3+1 Аренда с мебелью Rent,"Beylikdüzü,",52.000,155,175,3+1,3,2,38
TÜRKİYE EMLAK'DAN FATİH MAH 2+1 KİRALIK 90m2 YÜKSEK GİRİŞ DAİRE,"Esenler,",12.000,80,90,2+1,2,1,34
Cihangir'de Tam Göbekte Manzaralı Teraslı Full Yeni Eşyalı Bakımlı Kombili (2)Klimalı (2+1)(70)m2,"Beyoğlu,",55.000,68,70,2+1,2,1,22
KİRALIK EN BUYUK TİP 3+1 REFERANS BEYLİKDÜZÜ / RENT / Аренда,"Beylikdüzü,",39.800,189,200,3+1,3,2,29
DENİZ MANZARALI PALM MARİN KİRALIK EŞYASIZ 3+1 Аренда без мебели,"Beylikdüzü,",38.000,165,180,3+1,3,2,36
"NİNE HATUN MAH. AYAZMA CAD. 12 YILLIK OTOPARKLI, 3+1 155m2 3.KAT ASANSÖRLÜ GENİŞ FERAH KİRALIK DAİRE","Esenler,",30.000,150,165,3+1,3,3,12
ETİLER GEYLANİ SİTESİNDE 3+1 FERAH MASRAFSIZ KİRALIK DAİRE,"Beşiktaş,",60.000,110,140,3+1,3,1,26
PETROL SİTESİNDE BAHÇE KULLANIMLI 2+1 90 M2 KİRALIK DAİRE,"Beşiktaş,",43.000,80,90,2+1,2,1,19
ETİLER ALKENT SİTESİNDE 1+1 KİRALIK DAİRE,"Beşiktaş,",85.000,87,110,1+1,1,1,26
FINDIKLI MH MERKEZİ KONUM YENİ BİNADA FULL EŞYALI 1+1 GİRİŞ KAT,"Maltepe,",22.500,60,65,1+1,1,1,42
ATAŞEHİR İNÖNÜ MH. 3+1 KENDİNE ÖZEL BAHÇELİ KİRALIK DAİRE,"Ataşehir,",20.900,100,120,3+1,3,1,56
İÇERENKÖY MH. E5 YAKINI TERAS KULLANIMLI FERAH 2+1 100M2 DAİRE,"Ataşehir,",30.000,100,110,2+1,2,1,36
Beyoğlu Cihangir 3+1 Kiralık Daire Geniş ve Ferah Eşyalı,"Beyoğlu,",60.000,110,120,3+1,3,1,59
Beyoğlu Cihangir 3+1 Kiralık Daire Faturalar Dahil Eşyalı,"Beyoğlu,",60.000,120,145,3+1,3,1,31
Beyoğlu Cihangir  2+1 Kiralık Daire Toplu Ulaşıma Yakın,"Beyoğlu,",50.000,90,100,2+1,2,1,61
Selenium Twins Residence Kiralık Boğaz Manzaralı 330m2 4.5+1,"Beşiktaş,",250.000,260,330,4+1,4,4,25
ZORLU CENTER ' DA KİRALIK 2+1 AVM CEPHELİ EŞYASIZ DAİRE,"Beşiktaş,",265.000,130,169,2+1,2,2,25
Bomonti Residences By Rotana Yeni Blokta Kiralık Balkonlu 1+1,"Şişli,",50.000,60,80,1+1,1,1,34
Selenium Twins Residence Kiralık 3.5+1 Taşınmaya Hazır Daire,"Beşiktaş,",140.000,180,236,4+1,4,2,25
TÜRKİYE EMLAK TUNA MAH 3+1 130m2 2.KAT MEMURA KİRALIK DAİRE,"Esenler,",25.000,120,130,3+1,3,1,42
"DÖRTYOL MEYDANDA ! 2004 YAPIMI, 2+1 85m2, 5.KAT, TEMİZ,KULLANIŞLI, KİRALIK DAİRE","Esenler,",18.500,85,95,2+1,2,2,22
Ataşehir Uphill Court'ta 4+1 Özel Tasarım Eşyalı Hazır Kiralık,"Ataşehir,",120.000,185,200,4+1,4,2,80
Atasehir Metropol B Blok Yeni Eşyalı 2+1 Kiralık #1559,"Ataşehir,",67.920,70,84,2+1,2,1,95
DERİN GAYRİMENKUL'DEN HİM STAY'DE FULL EŞYALI 1+1 DAİRE !!,"Eyüpsultan,",45.000,45,60,1+1,1,1,56
"ULUS MAKSİMUM EVLER'DE 3,5+1 MANZARALI, FERAH KİRALIK DAİRE","Beşiktaş,",250.000,240,250,3+1,3,3,30
Akbatı avm karşısı 3+1 Kiralık Boş daire301648,"Esenyurt,",30.500,130,180,3+1,3,2,26
KAĞITHANE ÇELİKTEPE ANA CADDE ARA KAT 85m2 2+1 KİRALIK DAİRE,"Kağıthane,",17.000,75,85,2+1,2,1,20
Quasar Residence Kiralık Boğaz Manzaralı 2+1 Daire,"Şişli,",170.000,130,190,2+1,2,2,19
NEF ORMANTEPE YAVRU ETAPTA EŞYALI BAHÇE KATI,"Çekmeköy,",46.000,59,70,2+1,2,1,16
Dap Yapı Nısantası Koru Projesınde 2. El Fırmasından Kıralık 3+1,"Şişli,",450.000,124,282,3+1,3,3,24
Çiftçi Tower Kiralık 3+1 B Tipi Yüksek Kat Manzaralı Daire,"Beşiktaş,",192.000,220,240,3+1,3,3,84
QUASAR 2+1 YÜKSEK KATTA MANZARALI KİRALIK RESIDENCE,"Şişli,",170.000,120,230,2+1,2,2,88
Beşiktaş Çiftçi Towers Merkez Lokasyon 4+1 Ferah Residence,"Beşiktaş,",300.000,252,349,4+1,4,4,212
Çiftçi Towers'da Yüksek Katta Manzaralı Kiralık Rezidans D TIPI,"Beşiktaş,",285.000,252,349,4+1,4,3,23
RİTZ CARLTON NİŞANTAŞI 2+1 KİRALIK RESİDENCE,"Şişli,",120.000,90,144,2+1,2,2,116
ÇİFTÇİ TOWERS'DA MANZARALI KİRALIK REZİDANS,"Beşiktaş,",285.000,250,346,5+1,5,4,21
1.ULUS AKTİVİTELİ SİTE DE MODERN 180 M2 EŞYALI KİRALIK DAİRE,"Beşiktaş,",180.000,160,180,3+1,3,2,181
ZORLU CENTER YANI ÇİFTÇİ TOWERS'DA 4.5+1 KİRALIK A TİPİ LÜKS,"Beşiktaş,",350.000,250,346,5+1,5,4,71
Ciftci Towers Kiralik 346 m2 Manzarali,"Beşiktaş,",300.000,246,346,4+1,4,4,185
ÇİFTÇİ TOWER PROJE UZMANINDAN B TİPİ KİRALIK 242M2 YÜKSEK KATTA,"Beşiktaş,",240.000,220,242,3+1,3,3,40
ATAŞEHİR METROPOL 600M2 PENTHOUSE DUBLEKS EŞYALI KİRALIK,"Ataşehir,",600.000,500,600,7+2,7,5,27
Maçka Armani Boğaz Manzaralı Kiralık Teraslı 4+1 Lüks Daire,"Beşiktaş,",300.000,320,395,4+1,4,4,96
ZORLU CENTER YANI ÇİFTÇİ TOWERS DA KİRALIK 570 M2 TEK YETKİLİ,"Beşiktaş,",580.000,430,570,7+2,7,6 ve üzeri,116
"ÇİFTÇİ TOWER 1.KULE BOĞAZ MANZARALI KIRALIK 4,5+1","Beşiktaş,",400.000,255,355,4+1,4,3,121
Çiftçi Towers'ta Yüksek Kat Manzaralı Kiralık Daire,"Beşiktaş,",350.000,300,360,4+1,4,3,176
Çiftçi Towers'ta Kiralık Çok Şık Sıfır 5+1 Manzaralı Residence,"Beşiktaş,",400.000,267,352,5+1,5,4,166
ÇİFTÇİ TOWERS'DA 6+1 MANZARALI AB TİPİ KİRALIK DAİRE,"Beşiktaş,",680.000,426,578,6+1,6,4,326
ZORLU CENTER YANI ÇİFTÇİ TOWER KİRALIK 1. KULE 28.KAT D TİPİ,"Beşiktaş,",340.000,350,355,4+1,4,3,71
Çiftçi Tower Residence Yüksek Kat Boğaz Manzaralı 5+1 Daire,"Beşiktaş,",300.000,275,355,5+1,5,4,23
Zorlu Center'a Komşu Çiftçi Towers Muhteşem 3+1 Residence,"Beşiktaş,",210.000,190,221,3+1,3,3,26
Beşiktaş Çiftçi Towers Temiz Kiralık Büyük Tip 5+1 Residence,"Beşiktaş,",550.000,525,567,5+1,5,5,64
Maslak Mashattan Çift Cephe Güncel Eşyasız Kiralık 1+1 Daire,"Sarıyer,",55.000,65,90,1+1,1,1,15
ZORLU CENTER YÜKSEK KATTA EŞYALI KİRALIK 2+1,"Beşiktaş,",275.000,160,180,2+1,2,2,26
"ÇİFTÇİ TOWERS D TİPİ 4,5+1 MANZARALI KİRALIK RESIDENCE","Beşiktaş,",360.000,280,355,5+1,5,4,136
ZORLU CENTER YANI BOĞAZ MANZARALI KİRALIK 4+1 DUBLEKS DAİRE,"Beşiktaş,",325.000,400,450,4+1,4,4,76
ZORLU CENTER YANI ÇİFTÇİ TOWER 349M2 D TİPİ KİRALIK RESIDENCE,"Beşiktaş,",290.000,260,349,5+1,5,5,131
Çiftçi Towers 4+1 Geniş Manzaralı Kullanışlı Lüks Residence,"Beşiktaş,",300.000,298,346,4+1,4,4,73
"ÇİFTÇİ TOWERS KİRALIK 4,5+1 A TİPİ BOĞAZ MANZARALI DAİRE","Beşiktaş,",300.000,300,360,4+1,4,3,191
Çiftçi Towers 4+1 Kiralık Lüks Manzaralı Residence,"Beşiktaş,",350.000,250,350,4+1,4,4,192
Levent Sapphire Residence Boğaz Manzaralı Yüksek Katta Daire,"Beşiktaş,",345.000,700,750,5+3,5,5,146
Ulus Ana Cadde Üzeri Eşyalı/Eşyasız Boğaz Manzaralı 4.5+1 Dublex,"Beşiktaş,",390.000,300,360,4+1,4,4,77
AKMERKEZ SHOPPİNG MALL ACROSS LUXURY FULLY FURNISHED 4+1,"Beşiktaş,",225.000,200,240,4+1,4,3,176
ÇİFTÇİ TOWERS'da CD TİPİ 578m2 MUHTEŞEM 6+1 KİRALIK DAİRE,"Beşiktaş,",520.000,450,578,6+1,6,6 ve üzeri,196
VERSATIE GAYRIMENKUL ÇİFTÇİ TOWERS MANZARALI KİRALIK REZİDANS,"Beşiktaş,",285.000,250,346,5+1,5,4,141
ÇİFTÇİ TOWERS BOĞAZ MANZARALI KİRALIK RESIDENCE,"Beşiktaş,",320.000,175,242,3+1,3,2,68
İSTMARİNA'DA EŞYALI KİRALIK FULL DENİZ MANZARALI ÖN CEPHE DAİRE,"Kartal,",20.000,25,40,1+0 (Stüdyo),1+0 (Stüdyo),1,22
Zorlu Center Residence Kiralık 169 m2 2+1 Daire,"Beşiktaş,",230.000,120,169,2+1,2,2,23
Mesa Panorama'da Sıfır Balkonlu 3+1 Kiralık Daire,"Maltepe,",57.000,95,149,3+1,3,2,21
MÜSLÜM EMLAKTAN AMBARLIDA DENİZ MANZARALI DUBLEKS DAİRE,"Avcılar,",26.000,160,180,3+2,3,2,28
Avcılar Cihangirde Cadde Üstünde 2+1 Kiralık Daire,"Avcılar,",22.000,85,90,2+1,2,1,14
"DRAGOS, DAP YAPI ADAMKULE'DE ADALAR MANZARALI KİRALIK EŞYALI 1+0","Kartal,",22.000,35,50,1+0 (Stüdyo),1+0 (Stüdyo),1,26
HILL KARTAL DENİZ MANZARALI KİRALIK 2+1 DAİRE,"Kartal,",21.250,65,85,2+1,2,1,29
PENDİK KURTKÖY HAKİŞ 2 BLOKLARINDA KİRALIK 3+1,"Pendik,",19.550,100,110,3+1,3,1,30
EMAAR ADRESS HOTEL 'DE KİRALIK FULL EŞYALI 3+1 DAİRE,"Üsküdar,",204.000,150,177,3+1,3,2,20
TORUNLAR EMLAKTAN YENİMAHALE KİRAZLI KİRALIK 2+1 Boş 5.KAT DAİRE D.GAZLI,"Bağcılar,",13.000,80,90,2+1,2,1,7
KW'den Kemer Country YalıKonaklar Eşyalı Kiralık 5+1 Villa,"Eyüpsultan,",345.000,247,294,5+1,5,3,34
ZORLU CENTER YANI ÇİFTÇİ TOWER 'DA YUKSEK KATTA 3+1 KİRALIK,"Beşiktaş,",210.000,180,221,3+1,3,2,19
ÇİFTÇİ TOWERS A TİPİ MANZARALI KİRALIK DAİRE GÜNCEL,"Beşiktaş,",285.000,250,346,4+1,4,3,19
NEWPORT SİTESİNDE EŞYALI KİRALIK 1+1,"Beylikdüzü,",25.000,85,100,1+1,1,1,10
Çiftçi Tower Kiralık 3+1 B Tipi Yüksek Kat Manzaralı Residence,"Beşiktaş,",192.000,220,240,3+1,3,3,18
Çiftçi Towers 2.Kule de Kiralık 3+1 C Tipi Yüksek Katta Lüks,"Beşiktaş,",210.000,160,221,3+1,3,2,18
Kağıthane Nef08'de Kiralık Eşyalı 1+1 Daire,"Kağıthane,",28.000,40,55,1+1,1,1,10
DAP YAPI NISANTASI KORU PROJESINDE 2. EL FIRMASINDAN KIRALIK 2+1,"Şişli,",150.000,65,109,2+1,2,2,22
ZORLU CENTER YANI ÇİFTÇİ TOWER DA MANZARALI KİRALIK D TİPİ 349m2,"Beşiktaş,",300.000,250,349,4+1,4,4,40
ZORLU CENTER YANI ÇİFTÇİ TOWER DA MANZARALI KİRALIK D TİPİ 349m2,"Beşiktaş,",290.000,250,349,4+1,4,4,116
RITZ CARLTON RESIDENCE LÜKS EŞYALI KİRALIK 2+1,"Şişli,",130.000,100,141,2+1,2,2,56
ATAŞEHİR İNÖNÜ FATURALAR DAHİL FULL EŞYALI LÜX 3+1 KİRALIK DAİRE,"Ataşehir,",85.000,200,220,3+1,3,1,14
YÜCETARLA CADDESİNDE ANA CADDE CEPHELİ ARA KAT 3+1 KİRALIK DAİRE,"Bakırköy,",28.000,100,120,3+1,3,1,20
ÇELİKTEPE METROYA 10DK YÜRÜME MESAFESİNDE 2+1 KİRALIK DAİRE,"Kağıthane,",20.250,65,75,2+1,2,1,5
Ritz-Carlton Nişantaşı'nda Ultra Lux 2+1 Kiralık NewProject/RENT,"Şişli,",120.000,110,140,2+1,2,2,16
TÜRKİYE EMLAK'DAN FATİH MAH 2+1 KİRALIK 95m2 1.KAT DAİRE,"Esenler,",15.000,85,95,2+1,2,1,16
GÜLTEPE ANA CADDE ÜZERİ KİRALIK EŞYALI 2+1 DAİRE,"Kağıthane,",30.000,120,130,2+1,2,1,9
Çiftçi Towers'da Yüksek Katta 2+1 Boğaz Manzaralı Kiralık Reside,"Beşiktaş,",268.000,159,221,2+1,2,2,14
"NİNE HATUN MAH. TEMİZ KULLANIŞLI FERAH, 2+1 90m2 BAHÇE KATI KİRALIK DAİRE","Esenler,",13.000,90,100,2+1,2,2,8
"ELMALIKENT MAH. 3 +1 BOYALI, EN ÜST KAT, KİRALIK DAİRE","Ümraniye,",22.000,85,120,3+1,3,1,13
F-L EMLAKTAN METROYA 7 DK 2+1 ARAKAT AİLEYE UYGUN,"Üsküdar,",25.000,80,85,2+1,2,1,25
F-L EMLAKTAN KİRALİK DAİRE,"Üsküdar,",26.000,80,90,2+1,2,1,10
Soyak Soho Eşyalı 2+1 Lüx Kiralık Daire,"Şişli,",113.000,107,138,2+1,2,2,12
TALATPAŞA MAHALLESİNDE 2+1 100M2 KİRALIK DAİRE,"Esenyurt,",10.000,100,110,2+0,2+0,1,7
MÜSLÜM EMLAKTAN E-5 ÜZERİNDE ASANSÖRLÜ 2+1 KİRALIK,"Avcılar,",16.500,85,90,2+1,2,1,12
Beşiktaş 2+1 Kiralık Daire Abbasağa Parkı Karşısı Eşyalı,"Beşiktaş,",75.000,110,120,2+1,2,1,25
DERİN'DEN NEW LIFE GÖKTÜRK 2+1 KİRALIK BOŞ DAİRE!!,"Eyüpsultan,",50.000,85,105,2+1,2,2,31
EMLAK KONUT ÇINARKÖY 3+1 BÜYÜK TİP GÜNCEL KİRALIK DAİRE,"Çekmeköy,",90.000,120,180,3+1,3,2,56
Bahçeşehir Strada 1. Etap Kiralık 148 m2 2+1 Daire,"Başakşehir,",33.000,125,148,2+1,2,2,9
MECİDİYEKÖY CADDE KENARI 1+1 FULL EŞYALI FATURALAR DAHİL FIRSAT,"Şişli,",25.000,70,75,1+1,1,1,10
KADIKÖY MODA ' DA İÇİ YENİLENMİŞ ASANSÖRLÜ KİRALIK 2+1,"Kadıköy,",65.000,70,90,2+1,2,2,54
ÇİFTÇİ TOWER CD BİRLEŞTİRİLMİŞ MANZ. ÖZEL DEKARASYONLU KİRALIK,"Beşiktaş,",500.000,380,500,4+1,4,3,29
Cihangir Çukurcumada Tarihi Dokusuna Göre Yapılmış Yeni Sıfır Tarihi Ahşap Bina Bahçeli (550)m2,"Beyoğlu,",240.000,600m²,550,6,6,Kombi (Doğalgaz),29
Cihangir'de Tam Göbekte Yüksek Tavanlı (A)Plus Kalite Sıfır Ful Yeni Modern Eşyalı (2+1)(130)m2,"Beyoğlu,",90.000,125,130,2+1,2,2,38
Cihangir'de Süper Deniz ve Şehir Manzaralı Ful Yeni Modern Eşyalı Balkonlu Yenilenmiş Bakımlı (5+1),"Beyoğlu,",225.000,190,200,5+1,5,2,31
Zincirlikuyu Zorlu Center Yanı Çiftçi Tower da Manzaralı 3+1,"Beşiktaş,",250.000,160,220,3+1,3,3,36
"Maçka Armani Residence da Boğaz Manzaralı 3,5+1","Beşiktaş,",300.000,210,262,3+1,3,4,29
Çiftçi Towers 4+1 Kiralık Lüks Manzaralı Residence,"Beşiktaş,",350.000,250,350,4+1,4,4,25
SANCAKTEPE MECLİS MAHALLESİ ANA CADDE CEPHELİ SIFIR 2+1 BALKONLU,"Sancaktepe,",28.000,75,85,2+1,2,1,27
KAYALARDAN ŞENLİKKÖY MERKEZDE 6+2 ÜST DUBLEKS,"Bakırköy,",85.000,250,275,6+2,6,2,95
KAYALARDAN ANA CADDEDE BOŞ VEYA EŞYALI 4+1 200 M2 ARA KAT,"Bakırköy,",75.000,170,200,4+1,4,2,101
KAYALARDAN FLORYA CADDESİNDE KEYİFLİ 4 + 1 200 metre² ARAKAT,"Bakırköy,",75.000,170,200,4+1,4,2,25
KAYALARDAN FLORYADA YENİ BİNADA KİRALIK 6+2 275 metre² DUBLEKS,"Bakırköy,",85.000,255,275,6+2,6,2,50
ARNAVUTKÖY SAHİLE YÜRÜME MESAFESİNDE MÜSTAKİL VİLLA,"Beşiktaş,",160.000,200,220,4+1,4,2,51
KAĞITHANE SEYRANTEPE SON DURAK 110m2 2+1 KİRALIK DAİRE,"Kağıthane,",14.000,100,110,2+1,2,1,28
MYD Galata dan Taksim 360 Yanıbaşı 2+1+Hol Eşyalı Kiralik Daire,"Beyoğlu,",47.800,75,110,2+2,2,1,22
ÇEKMEKÖY AYDINLAR MAHALESİNDE GENİŞ 3 BALKONLU KİRALIK DAİRE,"Çekmeköy,",21.000,80,90,2+1,2,1,33
KAĞITHANE SEYRANTEPE MAHALLESİNDE METROYA 4-5 DK 2+1 100M2,"Kağıthane,",22.000,80,85,2+1,2,1,32
GÜNGÖREN GENÇOSMANDA KİRALIK 2+1DAİRE,"Güngören,",27.000,85,95,2+1,2,1,36
YEŞİLKÖYDE ARAKAT 3+1 200 M2 EBEVYN BANYOLU KİRALIK DAİRE,"Bakırköy,",65.000,190,200,3+1,3,2,36
ESENLER FATİH MAHALLESİNDE 2+1 KİRALIK DAİRE,"Esenler,",20.000,82,95,2+1,2,1,79
Beyoğlu Galata Rental Flat Central Location Furnished Bills Included,"Beyoğlu,",57.000,80,90,1+1,1,1,31
In Beyoğlu All Bills Included Full Furnished Flat For Rent,"Beyoğlu,",110.000,72,120,3+1,3,2,30
Beyoğlu Kiralık Daire Deniz Manzaralı Tarihi Bina 3+1 Tramvay ve Otobüs Duraklarına Çok Yakın,"Beyoğlu,",88.000,140,160,3+1,3,2,28
Beyoğlu Tomtom Mahallesi Kiralık Daire Deniz Manzaralı Tarihi Bina Ortak Teraslı Eşyalı -Eng,"Beyoğlu,",45.000,60,70,1+1,1,1,36
Beyoğlu Asmalı Mescit Kiralık Daire 2+1 Yüksek Tavan Tarihi Bina Faturalar Dahil,"Beyoğlu,",95.000,100,120,2+1,2,2,30
Beyoğlu Flat For Rent In Galata Historical Building With Balcony 2+1 -Eng,"Beyoğlu,",75.000,75,90,2+1,2,1,24
Beyoğlu Asmalı Mescit Kiralık Daire Loft Eşyalı Teraslı Tarihi Bina Asansörlü Merkezi Konum,"Beyoğlu,",72.000,60,70,1+0 (Stüdyo),1+0 (Stüdyo),1,24
Şişli Bomonti Kiralık Daire 1+1 Beyaz Eşyalı Yüksek Tavanlı Güvenlikli Otoparklı Rotana Projesi,"Şişli,",42.000,60,70,1+1,1,1,36
Mint Çağlayan 3+1 Kiralık Daire Kapalı Otoparklı Asansörlü,"Kağıthane,",60.000,170,180,3+1,3,2,21
Beyoğlu Galata 3+1 Kiralık Daire Tarihi Binada Eşyalı,"Beyoğlu,",65.000,120,140,3+1,3,1,31
Beyoğlu Serdar-ı Ekrem de Kiralık Daire Eşyalı 3+1 Tarihi Bina,"Beyoğlu,",81.000,170,180,3+1,3,1,28
Galata Kiralık Daire 3+1 Tarihi Binada Boğaz Manzaralı,"Beyoğlu,",80.000,120,135,3+1,3,2,30
Bomonti Rotana Residence Kiralık Boğaz Manzaralı Eşyalı 1+1,"Şişli,",50.000,60,70,1+1,1,1,26
Zorlu Center'da Kiralık Boğaz Manzaralı 3+1 220 m2 Daire,"Beşiktaş,",340.000,180,220,3+1,3,2,33
Selenium Twins Kiralık Boğaz Manzaralı Özel Dekorasyonlu 1+1,"Beşiktaş,",75.000,70,96,1+1,1,1,56
BOMONTİ ROTANA RESİDENCE KİRALIK 2+1 BALKONLU DAİRE,"Şişli,",80.000,100,140,2+1,2,2,30
Zorlu Center'da Kiralık Boğaz Manzaralı 2+1 Daire GÜNCEL,"Beşiktaş,",280.000,130,179,2+1,2,2,26
Metrocity Residence Kiralık 4+1 Deniz Manzaralı 302 m2 Daire,"Beşiktaş,",150.000,225,302,4+1,4,3,26
Bomonti Rotana Residence Boğaz Manzaralı Eşyalı Kiralık 2+1 Daire,"Şişli,",80.000,85,110,2+1,2,2,26
Zorlu Center'da Kiralık Boğaz Manzaralı 2+1 Daire GÜNCEL,"Beşiktaş,",260.000,130,179,2+1,2,2,62
Selenium Twins Residence Kiralık 3.5+1 Boş Daire,"Beşiktaş,",140.000,180,286,3+1,3,3,54
Bomonti Rotana Residence Kiralık Büyük Tip 2+1 Yüksek Kat Daire,"Şişli,",80.000,80,105,2+1,2,2,48
Bomonti Rotana Residence Kiralık 1+1 Şehir Manzaralı Sıfır Daire,"Şişli,",45.000,60,70,1+1,1,1,21
Sapphire Residence Kiralık Müstakil Teraslı 3+1 Daire,"Kağıthane,",140.000,200,250,3+1,3,3,31
Tarabya Kiralık Mobilyalı 3+1 Havuzlu Yalı Dairesi Yeniköy,"Sarıyer,",440.000,200m²,180,3+1,3,3,26
Zorlu Center Residence Kiralık 169 m2 2+1 Daire,"Beşiktaş,",230.000,120,169,2+1,2,2,23
Nişantaşı Ritz Calton Residence Özel Dekorasyonlu Full Eşyalı,"Şişli,",130.000,120,168,2+1,2,2,35
Bomonti Rotana Residence Kiralık 1+1 Eşyalı Daire,"Şişli,",50.000,52,70,1+1,1,1,42
Bomonti Rotana Residence Kiralık 1+1 Balkonlu Sıfır Daire,"Şişli,",50.000,60,80,1+1,1,1,34
Bellevue Residence Kiralık 450 m2 4+1 Boğaz Manzaralı Daire,"Beşiktaş,",330.000,350,450,4+1,4,4,26
Bomonti Rotana Residence Boğaz Manzaralı Balkonlu Kiralık 1+1 Daire,"Şişli,",60.000,70,100,1+1,1,1,44
Bomonti Residences By Rotana Balkonlu 1+1 Eşyalı Kiralık Daire,"Şişli,",70.000,75,98,1+1,1,1,21
Selenium Twins Kiralık Yüksek Kat Boğaz Manzaralı 3.5+1 Daire,"Beşiktaş,",150.000,220,270,4+1,4,4,30
Bomonti Residences By Rotana Kiralık 2+1 Boğaz Manzaralı Eşyalı,"Şişli,",75.000,75,100,2+1,2,2,21
Çiftçi Tower'da Kiralık 2 daire Birleşimi Boğaz Manzaralı 6+1,"Beşiktaş,",650.000,500,600,6+1,6,5,29
Bomonti Residences By Rotana'da Eşyalı 1+1 Taşınmaya Hazır Daire,"Şişli,",50.000,55,68,1+1,1,1,56
Bomonti Rotana Residence Kiralık 1+1 Eşyalı Daire,"Şişli,",50.000,52,70,1+1,1,1,30
Selenium Twins'de Kiralık 3.5+1 Deniz Manzaralı Daire,"Beşiktaş,",140.000,230,270,4+1,4,3,31
Bomonti Residences By Rotana 1+1 Kiralık Şehir Cephe,"Şişli,",45.000,70,80,1+1,1,1,32
Nişantaşı Ritz Carlton Residence Kiralık 2+1 Mobilyalı Daire,"Şişli,",130.000,115,160,2+1,2,2,36
Bomonti Residences By Rotana da Kiralık 1+1 Şehir Cepheli Daire,"Şişli,",45.000,60,70,1+1,1,1,23
Selenium Panorama Residence Kiralık 1+1 Mobilyalı Daire,"Beşiktaş,",60.000,70,90,1+1,1,1,26
MECİDİYEKÖY'DE 590 M2 FULL BOĞAZ MANZARALI LOFT PENTHOUSE,"Şişli,",550.000,500,590,6+1,6,5,36
Tarabya Sahilde Yeni Bina Kiralık Boğaz Manzaralı Otoparklı 3+1,"Sarıyer,",450.000,180,200,3+1,3,3,68
Bomonti Sinpaş Queen Büyük Tip Köşe 1+1 Eşyalı Kiralık Daire,"Şişli,",53.000,80,105,1+1,1,1,56
Selenium Twins Kiralık 3.5+1 Yüksek Kat Boğaz Manzaralı Daire,"Beşiktaş,",150.000,250,302,4+1,4,3,26
Zorlu Center Residence Kiralık R3 Blokta 1+1 Daire BOŞ GÜNCEL,"Beşiktaş,",230.000,120,169,1+1,1,1,26
Zorlu Center Kiralık Özel Dekore Edilmiş 220 m2,"Beşiktaş,",400.000,180,220,1+1,1,1,31
Şişli Elit Residence Kiralık 3.5+1 340 m2 Boğaz Manzaralı Daire,"Şişli,",150.000,280,340,4+1,4,3,26
Zorlu Center'a Komşu Çiftçi Tower Kiralık 4.5+1 Boğaz Manzaralı,"Beşiktaş,",300.000,250,325,5+1,5,4,36
Zorlu Center'da Kiralık Mobilyalı Özel Dekorasyonlu 2+1 Daire,"Beşiktaş,",275.000,120,169,2+1,2,2,56
Selenium Panoram Residence Kiralık Eşyalı 1+1 Yüksek Kat,"Beşiktaş,",60.000,60,80,1+1,1,1,26
Beşiktaş Şişli Selenium Twins  Kiralık 235 m2  4+1 Nişantaşı Cephe,"Beşiktaş,",150.000,200,235,3+1,3,3,31
Zorlu Center Kiralık Mobilyalı 2+1 Deniz Manzaralı Daire,"Beşiktaş,",325.000,140,179,2+1,2,2,26
"Selenium Twins Residence 3,5+1 235 m2 Manzarali Kiralik Daire","Beşiktaş,",150.000,190,235,3+1,3,2,30
Fulya Selenium Twins Boğaz Manzaralı 4+1 Kiralık Daire,"Beşiktaş,",150.000,230,270,4+1,4,3,38
Zorlu Center Satılık Boğaz Manzaralı B Tipi 2.5+1KDV' Avantajlı,"Beşiktaş,",120.500.000,170,220,3+1,3,2,26
Artistanbul Gayrimenkul'den Zorlu Center Kiralık 2+1 179 m2,"Beşiktaş,",270.000,200,220,2+1,2,2,21
Zorlu Center'da Kiralık 2+1 Konut ve Ofis Kullanımına Uygun,"Beşiktaş,",220.000,140,170,2+1,2,2,26
Quasar Residence Kiralık Boğaz Manzaralı Eşyalı 1+1 Daire,"Şişli,",85.000,100,136,1+1,1,1,27
Çiftçi Towers'da Kiralık A Tipi Boğaz Manzaralı 4.5+1 Daire,"Beşiktaş,",340.000,280,345,5+1,5,4,31
Zorlu Center'da Kiralık Eşyalı Özel Dekorasyonlu 2+1 Daire,"Beşiktaş,",280.000,130,169,2+1,2,2,23
Quasar Residence Satılık Boğaz Manzaralı Eşyalı Dekorasyonlu 1+1,"Şişli,",85.000,100,136,1+1,1,1,26
Selenium Twins Kiralık Manzaralı 1+1 95 m2 Şık Daire,"Beşiktaş,",60.000,86,100,1+1,1,2,23
Quasar Residence Kiralık 1+1 Konut Ofis Kullanımına Uygun,"Şişli,",90.000,85,116,1+1,1,1,26
Bomonti By Rotana'da Kiralık 1+1 Daire,"Şişli,",50.000,60,70,1+1,1,1,26
Maçka Armani Residence Kiralık Boğaz Manzaralı 4+1 Daire,"Beşiktaş,",340.000,275,365,4+1,4,3,26
Bellevue Residence Kiralık 4+1 Boğaz Manzaralı,"Beşiktaş,",250.000,300,330,4+1,4,3,56
Metrocity de Kiralık Boğaz Manzaralı 4.5+1 Yüksek Kat Daire,"Şişli,",150.000,250,302,4+1,4,3,26
Bomonti By Rotana'da Kiralık 1+1 Daire,"Şişli,",45.000,55,68,1+1,1,1,26
Çiftçi Towers'da Kiralık 3+1 B Tipi Deniz Manzaralı Daire,"Beşiktaş,",300.000,175,242,3+1,3,2,39
Zorlu Center'da Kiralık Boğaz Manzaralı 2+1 Mobilyalı Daire,"Beşiktaş,",350.000,140,190,2+1,2,2,26
Zorlu Center  Kiralık Balkonlu 171 m2 2+1 Yüksek Kat,"Beşiktaş,",240.000,180,200,2+1,2,2,21
Maçka Armani Residence  1+1 Balkonlu Daire Eşyalı,"Beşiktaş,",130.000,100,120,1+1,1,1,25
ARTİSTANBUL'DAN TEK YETKİLİ KİRALIK TERAS VE DENİZ MANZ 2+1,"Beşiktaş,",340.000,140,179,2+1,2,2,64
MÜSLÜM EMLAKTAN DEVASA 5+1 DUBLEKS DAİRE,"Avcılar,",25.000,230,250,5+1,5,2,33
İST YENİ SESİ SESPORT REZİDANS / 1+1 - 2+1 - 65 m² 8 FARKLI TARZ,"Başakşehir,",20.000,60,65,2+1,2,1,26
PENDİK SAPANBAĞLARI'NDA 3+1 KİRALIK DAİRE,"Pendik,",23.000,100,110,3+1,3,1,32
GAZİOSMANPAŞA KÜÇÜKKÖY HÜRRİYET MAH.RUMELİ CAD.2+1 KİRALIK DAİRE,"Gaziosmanpaşa,",21.500,85,90,2+1,2,1,57
Kartal AND Pastel Full Eşyalı 3+1 Kiralık #1338,"Kartal,",59.490,107,128,3+1,3,2,119
NİŞANTAŞI LOTUS WALK RESIDENCE 2+1 LUX EŞYALI kİRALIK RESIDENCE,"Şişli,",96.000,140,200,2+1,2,2,24
Avcılar Cihangirde 2+1 Bahçe Kattı Kiralık Daire,"Avcılar,",17.000,80,85,2+1,2,1,4
JOY EMLAKTAN MARMARA VE METROBÜS DURAKLARIN HEMEN YANIBAŞINDA 2+1 130M2 KİRALIK MASRAFSIZ DAİRE,"Küçükçekmece,",17.500,120,130,2+1,2,1,23
KURUMSALA UYGUN DOĞAN ARASLI BULVARI NET 875 m² KİRALIK BİNA,"Esenyurt,",300.000,Betonarme,950,875,875,4,36
YEŞİLYURT EMLAK'TAN FULL EŞYALI SIFIR DENİZ 2+1 KİRALIK DAİRE,"Bakırköy,",105.000,100,110,2+1,2,2,23
YEŞİLYURT EMLAK'TAN SİPAHİOĞLU'NDA KAPALI GARAJLI ASANSÖRLÜ 3+1 ARA 2.KAT,"Bakırköy,",75.000,150,170,3+1,3,1,36
IŞILDAN GÜZELCEDE KALE KONAKLARINDA FUL EŞYALI 5+1 KİRALIK VİLLA,"Büyükçekmece,",60.000,300,400,5+1,5,3,23
IŞIL DAN GÜZELCEDE KONFORCITY 2 DE AKILLI VİLLA 5+1 KİRALIK,"Büyükçekmece,",70.000,250,350,5+1,5,3,36
IŞIL DAN KALE KONAKLARINDA FULL EŞYALI KİRALIK 5+1  VİLLA,"Büyükçekmece,",70.000,300,350,5+1,5,3,35
Beyoğlu Asmalı Mescit 1+1 Kiralık Daire Tarihi Yapıda Eşyalı,"Beyoğlu,",45.000,60,70,1+1,1,1,20
Selenium Panorama'da Kiralık 1+1  Mobilyalı GÜNCEL,"Beşiktaş,",65.000,88,104,1+1,1,1,20
Beşiktaş-Fulya / 2+1 Eşyalı Kiralık Daire,"Beşiktaş,",47.500,80,90,2+1,2,1,20
ULUS MERKEZDE YEŞİLLİKLER İÇİNDE 3+1 KİRALIK DAİRE,"Beşiktaş,",75.000,160,180,3+1,3,2,20
Zorlu Center Rezidans'ta Kiralık Daire,"Beşiktaş,",340.000,175,217,3+1,3,3,19
ÇEKMEKÖY AYDINLAR MAHALLESİNDE SIFIR 2+1 DAİRE BURDA!,"Çekmeköy,",21.000,70,80,2+1,2,1,19
Zorlu Center  Kulede 1+1 Özel Dekorasyonlu Şık Daire,"Beşiktaş,",240.000,143,170,1+1,1,2,19
Zorlu Center da Kiralık Boğaz Manzaralı Konut veya Ofis 400 m2,"Beşiktaş,",580.000,350,400,5+1,5,3,6
Çiftçi Towers 2.Kule de Kiralık 3+1 C Tipi Yüksek Katta Lüks,"Beşiktaş,",256.000,160,221,3+1,3,2,18
Çiftçi Towers da 2+1  Manzaralı Kiralık Rezidans,"Beşiktaş,",220.000,180,221,2+1,2,3,18
Beyoğlu Galata Kiralık Daire 2+1 Asmalı Mescitte Eşyalı Faturalar Dahil,"Beyoğlu,",37.500,85,95,2+1,2,1,18
Zorlu Center'da Kiralık 2+1 Balkonlu 189 m2 Daire,"Beşiktaş,",240.000,150,179,2+1,2,2,18
Bomonti Rotana Residence Kiralık Lüks Eşyalı 1+1 Balkonlu Daire,"Şişli,",75.000,80,100,1+1,1,1,18
Selenium Twins de Kiralık 3.5+1 Taşınmaya Hazır Daire,"Beşiktaş,",140.000,240,270,4+1,4,3,18
SOYAK SOHO RESIDENCE 1+1 KİRALIK DAİRE,"Şişli,",65.000,50,60,1+1,1,1,18
Artistanbul Gayrimenkul 'den Zorlu Center Kiralık 2+1 169 m2,"Beşiktaş,",230.000,120,170,2+1,2,2,18
Beşiktaş Gayrettepe de Herşey Dahil 2+1 Lüks Mobilyalı Kiralık,"Şişli,",105.000,100,135,2+1,2,1,18
F-L EMLAKTAN METROYA 5 DAKİKA FULL EŞYALI 1+1 YÜKSEK GİRİŞ,"Üsküdar,",26.000,50,60,1+1,1,1,13
MEDİPOL HASTANESİ YAKINI EŞYALI 1+1 SİTE DAİRESİ KİRALIKTIR,"Kadıköy,",25.000,55,65,1+1,1,1,17
Beyoğlu'nda Merkezde Yenilenmiş Balkonlu Yüksek Tavanlı Full Eşyalı Klimalı (40)m2 Stüdyo Daire,"Beyoğlu,",25.000,35,40,1+0 (Stüdyo),1+0 (Stüdyo),1,17
KİRALIK 4+1 AVANGART İSTANBUL,"Kağıthane,",95.000,175,200,4+1,4,2,5
MASLAK 1453 KİRALIK 2+1 DAİRE,"Sarıyer,",75.000,95,124,2+1,2,1,5
AYDIN EMLAK MÜSTAKİL GİRİŞLİ EŞYALI BALKONLU SEMPATİK 1+1,"Beşiktaş,",35.000,60,65,1+1,1,1,23
IŞIL DAN KONFORTCİTY 3 TE AKILLI VİLLA 5+1 KİRALIK,"Büyükçekmece,",65.000,280,450,5+1,5,4,25
FOR RENT FURNISHED ROTANA BOMONTI RESIDENCE 2+1 KIRALIK ESYALI,"Şişli,",80.000,85,182,2+1,2,2,27
Çiftçi Towers Kiralık A ve B Tipi Birleşimi 6+1 Boğaz Manzaralı,"Beşiktaş,",650.000,500,600,6+1,6,4,17
Bomonti By Rotana Kiralık 1+1 Şehir Manzaralı Daire TEK YETKİLİ,"Şişli,",45.000,55,65,1+1,1,1,17
Selenium Twins Kiralık 4+1 Muhteşem Boğaz Manzaralı Daire,"Beşiktaş,",150.000,190,232,4+1,4,4,17
Zorlu Center da Kiralık 2+1 Taşınmaya Hazır R2 Blok,"Beşiktaş,",240.000,140,180,2+1,2,2,17
Acarkent'te Kiralık Lüks Mobilyalı Yenilenmiş Havuzlu Villa,"Beykoz,",1.000.000,1200,1500,10 ve üzeri,10 ve üzeri,6 ve üzeri,17
Almina Tower 'da 1+1 Kiralık Eşyalı Daire,"Esenyurt,",15.000,58,83,1+1,1,1,17
HALKALI MARMARAYA YÜRÜME MESAFESİNDE FULL EŞYALI KİRALIK DAİRE,"Küçükçekmece,",28.500,96,110,2+1,2,1,77
Maçka Suites'te Muhteşem Manzaralı Kiralık Dubleks Penthouse,"Beşiktaş,",550.000,420,475,5+1,5,5,4
MAHMUTBEYDE KİRALIK 3+1 ÇATI KATI,"Bağcılar,",15.000,110,150,3+1,3,1,16
"MASLAK 1453 KİRALIK EŞYALI 3,5+1 DAİRE","Sarıyer,",112.000,150,210,3+1,3,2,4
Planet'ten Sezonluk 4+1 Muhteşem Daire,"Adalar,",400.000,128,135,4+1,4,2,16
Beyoğlu Kiralı Daire  Gümüşsuyu Özel Bahçeli 2+1 Eşyalı Taksim Metroya Çok Yakın,"Beyoğlu,",41.000,70,80,2+1,2,1,16
Zorlu Center Kiralık C Tipi Boğaz Manzaralı 4+1 Yüksek Kat,"Beşiktaş,",580.000,270,290,4+1,4,4,16
Zorlu Center R3 Kule'de Kiralık  2+1 Lüks Daire,"Beşiktaş,",240.000,130,169,2+1,2,2,16
Besiktas Dikilitas Selenium Twins te Kiralik 4+1 Nisantasi Cephe,"Beşiktaş,",150.000,190,237,4+1,4,4,16
Beşiktaş Levazım Zorlu Center Ofise veya Konuta Kiralık  2+1,"Beşiktaş,",240.000,177,200,2+1,2,2,16
SESPORT REZİDANS / 2+1 60 m² / G TİP (1 ADET) / FARKLI DAİRE TİPLERİMİZ MEVCUTTUR,"Sultangazi,",20.000,60,65,2+1,2,1,16
"GÜMÜŞSUYUNDA TERASLI FULL MANZARALI,FULL EŞYALI, 1,5+1 DAİRE","Beyoğlu,",65.000,85,90,2+1,2,1,16
SELENİUM PANORAMA KİRALIK 1+1 EŞYALI/EŞYASIZ DAİRE,"Beşiktaş,",65.000,65,75,1+1,1,2,16
Maçka Armani Residence'da Kiralık Balkonlu Lüks Eşyalı 1+1 Daire,"Beşiktaş,",125.000,100,135,1+1,1,2,3
Beşiktaş Levazım Zorlu Center da Kiralık 2+1 200m2,"Beşiktaş,",240.000,155,179,2+1,2,2,15
Zorlu Center Kiralık 169 m2 AVM içine Bakan Şerefiyeli Blok 2+1,"Beşiktaş,",240.000,140,169,2+1,2,2,15
Zorlu Center R3 Kulede Kiralık 1+1 Eşyasız GÜNCEL Daire,"Beşiktaş,",225.000,135,145,1+1,1,2,15
Ataşehir Andromeda Gold Full Eşyalı 2+1 Kiralık #1034,"Ataşehir,",82.990,85,102,2+1,2,1,15
Mecidiyeköy 4+1 kiralık daire,"Şişli,",27.000,120,140,4+1,4,2,21
Sinpaş Aqua City 2010 1+1 Eşyalı Kiralık Daire - NEW INN (714),"Sancaktepe,",30.000,60,72,1+1,1,1,24
DAP ADAM KULE DE MUHTEŞEM DENİZ MANZARALI KİRALIK STÜDYO DAİRE,"Kartal,",18.500,35,46,1+0 (Stüdyo),1+0 (Stüdyo),1,14
Maslak Mashattan Residence 3+1 Full Eşyalı Kiralık Daire (254),"Sarıyer,",85.000,110,170,3+1,3,2,22
ZORLU CENTER RESIDENCE TA KİRALIK DAİRE,"Beşiktaş,",270.000,185,217,2+1,2,2,14
Planet'ten Çınar Caddesinde 2+1 Temiz 2 Bahçe kullanımı Sezonluk Daire,"Adalar,",160.000,70,75,2+1,2,1,14
Bomonti Rotana Residence Kiralık Eşyalı Şehir Manzaralı 2+1,"Şişli,",80.000,80,100,2+1,2,2,14
MÜSLÜM EMLAKTAN MERKEZDE E-5 E 2 DK 3+1 KİRALIK DAİRE,"Avcılar,",18.500,140,145,3+1,3,1,14
SESPORT REZİDANS / 2+1 65 m² / F TİP (1 ADET) / FARKLI DAİRE TİPLERİMİZ MEVCUTTUR,"Sultangazi,",23.000,60,66,2+1,2,1,14
RİTZ CARLTON RESİDENCE KİRALIK PANORAMİK MANZARALI 121m2,"Şişli,",100.000,100,121,1+1,1,1,1
Çiftçi Towers Kiralık CD Birleşim 500m2 Özel Dekorasyonlu Daire,"Beşiktaş,",500.000,380,500,4+1,4,3,26
Selenium Twins 'de Kiralık 550m2 Dubleks Boğaz Manzaralı 5+2,"Beşiktaş,",360.000,450,550,5+2,5,5,26
Selenium Twins 3.5+1 Boğaz Manzaralı Muhteşem Daire,"Beşiktaş,",150.000,230,290,4+1,4,3,13
Zorlu Center  Kiralık 2+1 179 m2 R3 Blok Manzaralı,"Beşiktaş,",240.000,190,200,2+1,2,2,13
Zorlu Center  Kiralık 2+1 179m2 Daire Muhteşem  Manzaralı,"Beşiktaş,",240.000,150,179,2+1,2,2,13
Zorlu Center Kiralık 2+1 Manzaralı En Güzel Blok,"Beşiktaş,",260.000,153,200,2+1,2,2,13
Çiftçi Towers Kiralık CD Birleşim 500m2 Özel Dekorasyonlu Daire,"Beşiktaş,",500.000,380,500,4+1,4,3,56
AYDIN EMLAK'TAN SAHİL'DE BAKIMLI LÜKS EŞYALI 2+1 DAİRE,"Beşiktaş,",70.000,110,130,2+1,2,1,13
Beyoğlu'nda Merkezde Yenilenmiş Taş Binada Yüksek Tavanlı Full Eşyalı Klimalı (40)m2 Stüdyo Daire,"Beyoğlu,",25.000,35,40,1+0 (Stüdyo),1+0 (Stüdyo),1,12
Quasar Fairmont Kiralık Boğaz Manzaralı 2+1 Daire GÜNCEL,"Şişli,",115.000,130,170,2+1,2,2,12
Zorlu Center'a Komşu Çiftçi Tower'da 3+1 Kiralık Boğaz Manzaralı,"Beşiktaş,",300.000,170,240,3+1,3,3,12
Çifti Towers'da Kiralık 2.5+1 Yüksek Kat Boğaz Manzaralı Daire,"Beşiktaş,",240.000,170,221,2+1,2,2,12
Nişantaşı Ritz Carlton Residence Eşyalı 2+1 Kiralık Sıfır Daire,"Şişli,",140.000,115,150,2+1,2,1,12
Zorlu Center Kiralık 2+1 R3 Kulede Daire GÜNCEL,"Beşiktaş,",260.000,130,160,2+1,2,2,12
BEŞİKTAŞ GAYRETTEPE ' DE HERŞEY DAHİL 2+1 eşyalı daire,"Beşiktaş,",60.000,70,80,2+1,2,1,12
NİŞANTAŞI'NDA 6-12 AY KİRALAMAYA UYGUN EŞYALI 2+1 DAİRE,"Şişli,",65.920,60,70,2+1,2,1,22
NİŞANTAŞI'NDA 6-12 AY KİRALAMAYA UYGUN EŞYALI 2+1 DAİRE,"Şişli,",65.920,60,70,2+1,2,1,21
MASLAK SPINE TOWER'DA 4-12 AY KİRALAMAYA UYGUN EŞYALI 2+1 DAİRE,"Sarıyer,",117.860,100,120,2+1,2,2,121
"ŞİŞLİ BAYSUNGUR SOKAK'TA GENÇ BİNADA,EŞYALI,KİRALIK BAHÇE KATI","Şişli,",45.000,75,108,2+1,2,1,91
KAĞITHANE SEYRANTEPE MAHALLESİNDE 2+1 90M2 TOPLU TAŞIMAYA 2 DK,"Sarıyer,",20.000,85,90,2+1,2,1,26
Bahçelievler Yenibosna İswestte 1+0 Stüdyo Daire,"Bahçelievler,",23.000,25,37,1+0 (Stüdyo),1+0 (Stüdyo),1,57
YEŞİLYURT EMLAK'TAN 2+1 HAVUZLU GÜVENLİKLİ SİTEDE EŞYALI 2.KAT,"Bakırköy,",50.000,90,100,2+1,2,1,12
Beşiktaş 2+1 Kiralık Daire Ortak Teraslı Kapalı Otoparklı,"Beşiktaş,",60.000,100,120,2+1,2,2,31
Selenium Retro A Blok da 170M2 Hazır Kiralık Ofis,"Bakırköy,",120.000,130,170,2+0,2+0,1,26
Ataköy 11.Kısımda 55 m2 Bakımlı 1+1 Kiralık Daire,"Bakırköy,",30.000,45,55,1+1,1,1,32
KEMERBURGAZ GÖKTÜRK AĞAÇLI KÖYÜNDE EŞYALI KİRALIK VİLLA,"Eyüpsultan,",47.500,220,240,5+1,5,2,114
DERİN GAYRİMENKUL'DEN ZENGİNBAHÇE 2'DE 2+1  DAİRE!!,"Eyüpsultan,",65.000,100,120,2+1,2,2,86
Ritim İstanbul Eşyalı Kiralık Stüdyo - Konforlu Yaşam Alanı !,"Maltepe,",24.000,24,36,1+0 (Stüdyo),1+0 (Stüdyo),1,11
100.YIL MAHALLESİ 2+1 AMERİKAN MUTFAKLI CADDE ÜZERİ DAİRE,"Bağcılar,",18.000,60,70,2+1,2,1,11
YEŞİLYURT EMLAK'TAN SAHİLE YAKIN 3+SALON 180M2 KİRALIK DAİRE,"Bakırköy,",110.000,160,180,3+1,3,3,20
ÇEKMEKÖY AYDINLAR MAHALLESİNDE KİRALIK 2+1 DAİRE,"Çekmeköy,",21.000,80,90,2+1,2,2,11
Bomonti Residences By Rotana da Kiralık 1+1 Daire,"Şişli,",45.000,60,70,1+1,1,1,11
Zorlu Center Kiralık 2+1 Taşınmaya Hazır 169 m2 Daire,"Beşiktaş,",240.000,155,169,2+1,2,2,11
Avcılar Cihangirde Metrobüse Komşu Kiralık 2+1 Daire,"Avcılar,",15.000,85,95,2+1,2,1,11
NİŞANTAŞI'NDA 6-12 AY KİRALAMAYA UYGUN EŞYALI 2+1 DAİRE,"Şişli,",65.920,60,70,2+1,2,1,19
BEŞİKTAŞ TÜRKALİ'DE YENİ BİNADA EŞYALI KİRALIK 2+1 DAİRE,"Beşiktaş,",51.930,65,72,2+1,2,1,19
NİŞANTAŞI'NDA 6-12 AY KİRALAMAYA UYGUN EŞYALI 2+1 DAİRE,"Şişli,",65.920,60,70,2+1,2,1,19
REOR DAN BEŞİKTAŞ'TA DENİZ MANZARALI SIFIR 1+1 KOMBİLİ DAİRE,"Beşiktaş,",50.000,50,65,1+1,1,1,13
Bomonti Residences By Rotana Yüksek Kat Full Eşyalı 1+1 Daire,"Şişli,",50.000,75,90,1+1,1,1,10
Zorlu Center  Fırsat Güncel Kiralık 2+1 175 m2,"Beşiktaş,",240.000,170,190,2+1,2,3,10
Selenium Twins Kiralık Boğaz Manzaralı Mobilyalı 1+1 Daire,"Beşiktaş,",60.000,76,96,1+1,1,1,10
İstanbul Sapphire Residence Da 3+1 255 m2  Kiralık Eşyalı Eşyasız,"Beşiktaş,",140.000,220,250,2+1,2,2,10
Selenium Twins Kiralık Boğaz Manzaralı  1+1 Daire,"Beşiktaş,",60.000,80,100,1+1,1,1,10
Mecidiyeköy Merkez de Herşey Dahil 1+1 Lüks Mobilyalı Kiralık,"Şişli,",100.000,90,100,1+1,1,1,10
Şişli Quasar da Boğaz Manzaralı 2+1 Köşe Daire,"Şişli,",130.000,125,178,2+1,2,2,10
YENİKÖY DE 3+1 BOĞAZ MANZARALI KİRALIK DAİRE,"Sarıyer,",165.000,90,120,3+1,3,2,
Maçka Residence Bahçeli Teraslı Boğaz Manzaralı Eşyalı Lüks 2+1,"Beşiktaş,",290.000,160,210,2+1,2,3,
EMLAK KREDİ KONUTLARI 6-12 AY KİRALAMAYA UYGUN EŞYALI 2+1 DAİRE,"Beşiktaş,",61.920,90,108,2+1,2,1,18
Beyoğlu'nda Merkezde Yenilenmiş Taş Binada Yüksek Tavanlı Full Eşyalı Klimalı (40)m2 Stüdyo Daire,"Beyoğlu,",25.000,35,40,1+0 (Stüdyo),1+0 (Stüdyo),1,9
2+1 FIRSAT DAİRE ~ BAKIRKÖY MEYDANA YAKIN,"Bakırköy,",23.000,70,90,2+1,2,1,15
Zorlu Center  Fırsat 2+1 191 m2 Kiralık Residence,"Beşiktaş,",260.000,175,190,2+1,2,3,9
Selenium Twins Residence Kiralık 1+1 Boğaz Manzaralı Daire,"Beşiktaş,",60.000,76,96,1+1,1,1,9
Selenuim Twins de Kiralık 1+1 Uygun Fiyatlı Güncel Daire,"Beşiktaş,",60.000,75,96,1+1,1,1,9
Zorlu Center Muhteşem 2+1 171 m2 Kiralık Şık Daire,"Beşiktaş,",240.000,160,170,1+1,1,2,9
IŞIL DAN  TEMİZ EŞYALI YENİ BİNADA 2+1 KİRALIK ZEMIN KAT,"Büyükçekmece,",20.000,75,80,2+1,2,1,9
HALKALI İSTASYON MAH.MAMARAY YAKINI BANKACILAR116 KİRALIK DAİRE,"Küçükçekmece,",21.500,85,90,2+1,2,1,130
HALKALI ATAKENT SOYAK PARK APARTS 1+0 EŞYALI KİRALIK DAİRE,"Küçükçekmece,",21.500,32,46,1+0 (Stüdyo),1+0 (Stüdyo),1,33
AYDIN EMLAK'TAN ARNAVUTKÖY SAHİLE YAKIN TARİHİ BİNADA1+1 DAİRE,"Beşiktaş,",26.000,60,63,1+1,1,1,27
LEVENT METROCİTY'DE 6-12 AY KİRALAMAYA UYGUN 3+1 EŞYALI DAİRE,"Şişli,",198.770,210,252,3+1,3,3,17
"Maçka da Merkezi Konum, Manzaralı, Lüks Kiralık Daire","Beşiktaş,",240.000,210,262,3+1,3,3,8
BEBEK KORUDA MUHTEŞEM MANZARALI OTOPARKLI 3+1 ÇATI DUBLEKSİ,"Beşiktaş,",420.000,200,220,3+1,3,2,8
Papatya 1 rezidans lüks metrobüse 2 dakika,"Esenyurt,",16.000,65,80,1+1,1,1,14
Artistanbul Gayrimenkul'den Zorlu Center Kiralık 2+1 167 m2 Full Eşyalı,"Beşiktaş,",270.000,160,170,2+1,2,2,8
Şişli Bomonti Rotana Residence da Full Mobilyalı Lüx 2+1,"Şişli,",60.000,70,102,2+1,2,2,8
IŞIL DAN GÜZELCEDE DENİZ MANZARALI 2+1 KİRALIK DAİRE,"Büyükçekmece,",15.000,97,117,2+1,2,1,11
İstanbloom Residence Kiralık 2+1 155 m2 Yüksek Kat Daire,"Şişli,",150.000,130,155,2+1,2,2,7
Zorlu Center'da Kiralık 2+1 Eşyalı Daire,"Beşiktaş,",270.000,130,169,1+1,1,1,7
Çiftçi Towers Muhteşem Manzara 6+1 Temiz Kiralık Residence,"Beşiktaş,",650.000,500,600,6+1,6,5,6
2.EL KİRALAMA OFİSİNDEN NİŞANTAŞI KORU EŞYALI KİRALIK 1+1,"Şişli,",125.000,50,90,1+1,1,1,9
BAĞCILAR DA KİRALIK DAİRE TADİLATLI,"Bağcılar,",18.000,70,80,2+1,2,1,12
KAYAŞEHİR KAYAPARK SAKURA EVLERİ 2+1 SIFIR KİRALIK DAİRE,"Başakşehir,",25.000,85,95,2+1,2,1,18
Zorlu Center  R2 Blok Kiralık 2+1 195 m2 Çok Şık Daire,"Beşiktaş,",300.000,170,190,2+1,2,2,6
Maçka Armani Residence Kiralık 2+1 Mobilyalı Teraslı Daire,"Beşiktaş,",270.000,200,260,2+1,2,3,6
Zorlu Center Kiralık 2+1 165 m2 Çok Özel Dekorasyonlu,"Beşiktaş,",240.000,180,200,2+1,2,2,6
Dap Yapı Nişantaşı Koru Projesinde 2. El Firmasından Kiralık 1+1,"Şişli,",120.000,45,97,1+1,1,1,17
Selenium Twins Kiralık 1+1 95 m2 Muhteşem Daire,"Şişli,",55.000,93,100,1+1,1,2,5
Zorlu Center 'da Kiralık Daire 2+1 175 m2 Dolaplı Şık,"Beşiktaş,",240.000,155,170,2+1,2,2,5
Zorlu Center da Kiralık 2+1 175 m2 En Güzel Blok,"Beşiktaş,",240.000,165,170,2+1,2,2,5
BEŞİKTAŞ GAYRETTEPE ' DE HERŞEY DAHİL 1+1 eşyalı daire,"Beşiktaş,",40.000,50,60,1+1,1,1,5
FL EMLAKTAN ÇARŞI METROYA 3 DK MESAFEDE 1+1 KİRALIK DAİRE.,"Ümraniye,",20.000,60,68,1+1,1,1,13
ESENYURT SAADETDERE MAH KİRALIK 130 M2 3+1 ARA KAT DAİRE,"Esenyurt,",15.000,130,135,3+1,3,1,11
MAÇKA ARMANİ ŞIK TAŞINMAYA HAZIR FIRSAT KİRALIK 2+1 DAİRE,"Beşiktaş,",270.000,180,217,2+1,2,2,4
Artistanbul Gayrimenkul 'den Zorlu Center Kiralık 2+1 Şık Daire,"Beşiktaş,",240.000,191,220,2+1,2,2,4
IŞIL DAN GÜZELCEDE ÖZEL TASARIMLI EŞYALI 2+1 DUBLEX VİLLA,"Büyükçekmece,",100.000,250,350,2+1,2,2,7
Çiftçi Tower Residence Boğaz Manzaralı Eşyalı Kiralık Daire,"Beşiktaş,",400.000,287,349,5+1,5,4,3
"NİNE HATUN MAH. ÜÇYÜZLÜ METRO YAKIN, FULL EŞYALI 2+1 95m2 2.KAT KİRALIK DAİRE","Esenler,",23.500,95,100,2+1,2,1,10
eşyalı 1+1 papatya 3 rezidans,"Esenyurt,",17.000,65,80,1+1,1,1,5
ESENLER'DE 8 YAŞINDA İÇİ YAPILI 2+1 FIRSAT KİRALIK DAİRE !!,"Esenler,",14.000,75,80,2+1,2,1,8
ESENYURT TURGUT ÖZAL MAH KİRALIK 100 M2 2+1 YÜKSEK GİRİŞ,"Esenyurt,",15.500,100,105,2+1,2,1,8
TROYKA'DAN KOZYATAĞI ACIBADEM HASTAHANESİNE KOMŞU KİRALIK DAİRE,"Kadıköy,",42.000,100,135,3+1,3,1,50
Nişantaşı Maçka Armani Residence Kiralık 2+1 Deniz Manzaralı,"Beşiktaş,",270.000,220,260,3+1,3,2,
Zorlu Center da  Çok şık Kiralık fırsat 2+1 198 m2,"Beşiktaş,",240.000,165,195,2+1,2,2,
Zorlu Center Kiralık 2+1 170 m2 Daire Kiralık,"Beşiktaş,",240.000,160,170,2+1,2,2,
Nişantaşı Maçka Armani Residence Kiralık Boğaz Manzaralı 1+1,"Beşiktaş,",100.000,100,120,1+1,1,1,
"MENDERES MAH. METRO,MEYDAN YAKIN, 8 YILLIK YENİ BİNADA ! 2+1, 85m2, Yüksek Giriş, Kiralık Daire","Esenler,",18.500,80,85,2+1,2,1,10
15TEMMUZ MAH KİRALIK 2+1,"Bağcılar,",13.000,75,80,2+1,2,1,5
Beşiktaş-Gayrettepe /  Eşyalı 1+1 Kiralık Daire,"Beşiktaş,",37.500,70,80,1+1,1,1,
Dap Yapı Nişantaşı Koru Projesinde 2. El Firmasından Kiralık 2+1,"Şişli,",235.000,67,109,2+1,2,2,10
AVCILAR MUSTAFA KEMAL PAŞA MAH KİRALIK 2+1 ARA KAT,"Avcılar,",23.000,90,95,2+1,2,1,13
AVANGART İSTANBUL 3+1 GÜNCEL KİRALIK DAİRE,"Sarıyer,",80.000,105,130,3+1,3,2,6
Bellevue Residence Kiralık Boğaz Manzaralı 4+1 Daire,"Beşiktaş,",250.000,290,330,4+1,4,3,
ECLİPSE MASLAK 1+1 EŞYALI KİRALIK DAİRE,"Sarıyer,",55.000,58,70,1+1,1,1,5
AVANGART İSTANBUL 1+1 EŞYALI GÜNCEL KİRALIK DAİRE,"Sarıyer,",55.000,52,75,1+1,1,1,5
F-L EMLAKTAN ÖRNEK YAKINI 2+1 GENİŞ SIFIR YENİ BİNA YENİ EVLİYE UYGUN,"Ataşehir,",35.000,75,80,2+1,2,1,42
INVEST LAKE DEN MEYDAN DA 2+1..2.KAT..EŞYALI KİRALIK DAİRE,"Küçükçekmece,",25.000,84,95,2+1,2,1,56
Dap Vazo Kule 5 Yıldızlı Otel Konforunda Kiralık 1+1 10,"Maltepe,",32.000,50,85,1+1,1,1,41
BEBEK'TE 6-12 AY KİRALAMAYA UYGUN EŞYALI 3+1 DAİRE,"Beşiktaş,",99.880,135,147,3+1,3,2,134
ULUS NOTERLER SİTESİ 6-12 AY KİRALAMAYA UYGUN EŞYALI 3+1 DAİRE,"Beşiktaş,",76.900,128,150,3+1,3,1,249
ETİLER ALKENT SİTESİ YANINDA NARİN DE 3+1 MASRAFSIZ DAİRE,"Beşiktaş,",50.000,110,130,3+1,3,1,48
Bahçelievler Öğretmenevi Arkası Yeni bina 5+2 220m2 Lüks Dubleks,"Bahçelievler,",80.000,185,220,5+2,5,2,26
KAĞITHANE SEYRANTEPE YENİ BİNA METRO 5DK EŞYALI 1+1KİRALIK DAİRE,"Kağıthane,",20.000,50,60,1+1,1,1,32
KAĞITHANE SEYRANTEPE MAHALLESİNDE METROYA 5 DK 2+1 100M2 TERASLI,"Kağıthane,",21.000,90,100,2+1,2,1,34
Seyrantepe mah metro'ya 3 dk mesafede full eşyalı 3+1 Kiralık **,"Kağıthane,",31.000,110,130,3+1,3,1,24
Bellevue Residence Kiralık 3.5+1 Boğaz Manzaralı Daire,"Beşiktaş,",310.000,250,350,3+1,3,3,26
AVCILAR BELEDİYE BLOKLARINDA 2+1 ASANSÖRLÜ KİRALIK DAİRE,"Avcılar,",20.000,90,95,2+1,2,1,42
KAVAKLIDA 0 BUTİK SİTE İÇİNDE GENİŞ 3+1,"Beylikdüzü,",40.000,155,165,3+1,3,2,17
YEŞİLYURT EMLAK'TAN DENİZ MANZRALI 3.5+ SALON 180M2 ARAKAT DAİRE,"Bakırköy,",180.000,160,180,3+1,3,2,56
ORTABAYIR MAHALLE KONAĞI YANINDA KİRALIK 1+1 BAŞKONLU DAİRE,"Kağıthane,",16.250,65,75,1+1,1,1,4
F-L EMLAKTAN ÜMRANİYE ÇARŞI DA 2+1 BAHÇE KATI,"Ümraniye,",21.000,65,75,2+1,2,1,11
Beyoğlu Kiralık Daire Çukurcuma da  2+1 Eşyalı Tramvay ve Galataporta Yakın,"Beyoğlu,",39.000,70,80,2+1,2,1,18
KAYALARDAN BASINKÖY DE 2 +1 TERAS KAT,"Bakırköy,",40.000,75,100,2+1,2,1,32
Çiftçi Towers Ön Kulede Kiralık 2+1 C Tipi Fırsat Daire,"Beşiktaş,",200.000,175,200,2+1,2,2,20
*KAYALARDAN* Florya- Havuzlu Site- Keyifli-2004 Yılı-4+1 Arakat,"Bakırköy,",115.000,200,320,4+1,4,3,26
Dap Yapı Nısantası Koru Projesınde 2. El Fırmasından Kıralık 2+1,"Şişli,",250.000,100,160,2+1,2,2,17
"FEVZİ ÇAKMAK MH.SONDURAK MEVKİİ, 3+1, 130m2, 2.KAT, GENİŞ,FERAH, KİRALIK DAİRE","Esenler,",17.000,120,130,3+1,3,2,14
"GÖZTEPE ÖZGÜRLÜK PARKI YANINDA,148 m2 NET, 7 YAŞ, 3+2 DUBLEKS!","Kadıköy,",79.000,148,192,3+2,3,3,19
Esenyurt Üçevler Mahallesi'nde 1+1 kiralık Daire,"Esenyurt,",9.000,55,60,1+1,1,1,12
Bahçelievler Talatpaşa'da 3+1 140 m2 Full Mobilyalı Kiralık,"Bahçelievler,",35.000,125,140,3+1,3,1,11
Bahçelievler İstwest Kiralik 1+1 köşe Eşyalı Daire,"Bahçelievler,",35.000,50,80,1+1,1,1,10
Gökdeniz sitesinde 3+1 ara kat 135m2 masrafsız bakımlı kiralık,"Üsküdar,",43.000,135,150,3+1,3,1,27
"Nişantaşı'nda Çift Teraslı,Panoramik Manzaralı Çatı Dubleks(ENG)","Şişli,",285.000,320,350,4+1,4,3,26
Yenibosna Zafer mahallesinde site içerisinde kiralık 3+1 EŞYALI daire otoparklı kombili klimalı,"Bahçelievler,",33.000,110,120,3+1,3,1,18
Gülbahar Mahallesi 2+1 Eşyalı Kiralık Daire,"Şişli,",30.000,88,110,2+1,2,1,18
F-L EMLAKTAN BULGURLU METRO MERKEZDE YÜKSEK KREDİYE UYGUN 2+1 Y.GİRİŞ,"Üsküdar,",4.200.000,70,75,2+1,2,1,35
KAZASKER MİNİBÜS YOLUNA PARALEL YENİ BİNA 3+1 ARA KAT KOMBİLİ,"Kadıköy,",55.000,90,100,3+1,3,2,19
YEŞİLYURT EMLAKTAN YEŞİLKÖYDE TEMİZ AYDINLIK 3+1 120 M2 ÜST KAT,"Bakırköy,",45.000,120,130,3+1,3,1,20
BAKIRKÖY'DE METRO METROBÜSE YAKIN 100M2 3+1 KİRALIK DAİRE,"Bakırköy,",35.000,100,120,3+1,3,1,38
BAŞAKŞEHİR AYAZMA EVLERİNDE KİRALIK DAİRE,"Sultangazi,",23.000,110,140,3+1,3,2,14
F-L EMLAKTAN ÖRNEK DUMANKAYA YAKINI 2+1 Y.GİRİŞ GENÇ BİNA 10 MAYISDA BOŞALACAK!,"Ataşehir,",28.000,74,85,2+1,2,1,28
KARTAL ANADOLU ADLiYESİ VE ŞEHİR HASTANESİNİN ORTASINDA İŞ YERİNE 3+1 DAİRE,"Kartal,",45.000,110,130,3+1,3,1,24
KOZYATAĞI İNÖNÜ CADDE CEPHELİ 3+1 135M2 BALKONLU KİRALIK DAİRE,"Kadıköy,",60.000,119,135,3+1,3,1,26
F-L EMLÂK TAN ÜSKÜDAR MERKEZDE FULL EŞYALİ DAİRE,"Üsküdar,",35.000,75,80,2+1,2,1,17
MÜSLÜM EMLAKTAN 3+1 METROBÜSE YAKIN DAİRE,"Avcılar,",14.000,100,110,3+1,3,1,9
BAKIRKÖY TERAKKİ CADDESİ 3+1 KİRALIK DAİRE,"Bakırköy,",32.000,94,110,3+1,3,1,36
ESENYURT MEHTERÇEŞME MAH 2+1 100M2 KİRALIK BOŞ DAİRE,"Esenyurt,",17.500,85,100,2+1,2,1,22
Beyoğlu Kiralık Daire Cihangir de  Yeni Bina Teraslı 2+1 Eşyalı Daire,"Beyoğlu,",73.000,130,150,2+1,2,2,31
Avcılar Cihangir Mahallesinde Cadde Üzerinde Kiralık 1+1 Sıfır  Daire,"Avcılar,",13.000,55,60,1+1,1,1,23
YEŞİLYURT EMLAKTAN DENİZ MANZARALI 3+SALON 140M2 YÜKSEK GİRİŞ,"Bakırköy,",85.000,130,140,3+1,3,2,25
TORUNLAR DAN KİRALIK 1+1 ALT daire 1+1 ÜST Daire DUBLEKS TERASLI ŞÖMİNELİ,"Bağcılar,",18.000,110,120,2+2,2,1,12
MÜSLÜM EMLAKTAN SIFIR BİNADA OTOPARKLI KİRALIK DAİRE,"Avcılar,",21.000,85,95,2+1,2,1,7
MÜSLÜM EMLAKTAN AVCILARDA KİRALIK BİNA,"Avcılar,",350.000,420m²,385,4,4,21-25 arası,
F-L EMLAKTAN KİRALIK DAİRE,"Üsküdar,",32.000,75,80,2+1,2,1,12
Bakırköy İstanbul Caddesine Yakın 1+1 Kiralık Daire,"Bakırköy,",18.500,50,60,1+1,1,1,23
Güneşli Basınekspress'te Site İçinde Kiralık 3+1 Daire,"Bağcılar,",48.000,103,150,3+1,3,2,36
ESENYURT AKEVLER ZİRVEGÜL SİTESİ'NDE 3+1 KİRALIK DAİRE,"Esenyurt,",26.500,120,130,3+1,3,1,12
Osmanbeyde Otel Konsepti Herşey Dahil 1+1 Mobilyalı Daire,"Şişli,",45.000,40,45,1+1,1,1,26
Yetkili Danışmanından Zekeriyaköy Ormanadada 250m² Triplex Villa,"Sarıyer,",250.000,200,250,4+1,4,3,26
TUZLA MİMARSİNAN'DA KİPTAŞ 2. ETAP KİRALIK 2+1 DAİRE,"Tuzla,",17.500,67,75,2+1,2,1,12
Beykoz Çubuklu Merkezde 2+1 giriş kat daire,"Beykoz,",18.500,65,85,2+1,2,1,12
GÜRPINARDA KİRALIK 4 KATLI HAVUZLU DENİZ MANZARALI 5+3 VİLLA,"Beylikdüzü,",38.000,275,280,5+3,5,3,35
MÜSLÜM EMLAKTAN 3+1 METROBÜSE YAKIN DAİRE,"Avcılar,",14.000,100,110,3+1,3,1,9
KARTAL PETROL İŞ'TE TERASLI DENİZ MANZARALI 3+1 KİRALIK DAİRE,"Kartal,",33.000,145,160,3+1,3,1,32
F-L EMLAKTAN EYÜPOĞLU KOLEJİ YAKINI 3+1 120 M2 EŞYALI DÜZ GİRİŞ  AİLE- BEKARA,"Üsküdar,",30.000,120,125,3+1,3,1,16
F-L EMLAKTAN LİBADİYE EMAAR AVM YAKINI 1 YILLIK YENİ BİNA 1+1,"Üsküdar,",25.000,45,55,1+1,1,1,35
ÜSKÜDAR MERKEZDE HARİKA KONUMMÜKEMMEL DAİRE,"Üsküdar,",60.000,140,150,3+1,3,2,30
BEŞİKTAŞ ÇİTLENBİK SOKAK'TA 3+1 100 m2 KİRALIK DAİRE,"Beşiktaş,",62.000,100,120,3+1,3,1,18
KAĞITHANE SULTANSELİM BEYAZHANE'DE 1+0 50M2 EŞYALI HAVUZLU,"Kağıthane,",23.000,45,50,1+0 (Stüdyo),1+0 (Stüdyo),1,112
TİAMO'DAN DARPHANEDE 1+1 50m KOMBİLİ SIFIR DAİRE,"Beşiktaş,",40.000,40,50,1+1,1,1,40
KAĞITHANE SEYRANTEPE'DE METROYA 5 DK 2+1 100M2 KİRALIK DAİRE,"Kağıthane,",22.500,95,100,2+1,2,1,56
Selenium Panorama Residence Kiralık Mobilyalı Balkonlu 2+1 Daire,"Beşiktaş,",130.000,124,154,2+0,2+0,2,56
GELİŞİM ÜNİ YAKIN FULL EŞYALI KİRALIK DAİRE,"Avcılar,",17.000,110,120,2+1,2,1,15
AYDIN EMLAK'TAN ARNAVUTKÖY  SAHİLE YAYIN 1+1 YÜKSEK TAVAN DAİRE,"Beşiktaş,",40.000,65,70,1+1,1,1,30
Altayçeşme Kayalarkent Yanı Geniş ve Ferah 3+1 Daire,"Maltepe,",47.500,135,150,3+1,3,1,35
ULUS PLATİN SİTESİNDE KİRALIK BAHÇE DUBLEKSİ,"Beşiktaş,",275.000,350,400,4+1,4,4,
KAĞITHANE SEYRANTEPE MAHALLESİNDE 1+1 60M2 METROYA 5 DK,"Kağıthane,",15.750,55,60,1+1,1,1,52
KAĞITHANE SEYRANTEPE MAHALLESİNDE METROYA 3 DK 1+1 60M2,"Kağıthane,",22.500,55,60,1+1,1,1,56
Kağıthane şirintepe mah site içi 2+1 77 m2 kapalı mutfak otopark,"Kağıthane,",25.000,62,77,2+1,2,1,24
Dikilitaş meydana yakın 3+1 temiz daire,"Beşiktaş,",47.000,125,135,3+1,3,1,43
EVİNPARK ATAŞEHİR FULL EŞYALI 3+1 KİRALIK DAİRE #E1051,"Ataşehir,",65.000,90,110,3+1,3,2,56
MESA PANORAMA FULL EŞYALI KİRALIK 2+1 DAİRE #E1193,"Maltepe,",53.500,70,90,2+1,2,1,26
DERİN GAYRİMENKUL'DEN GEZ CORNER'DA FULL EŞYALI 1+1 DAİRE,"Eyüpsultan,",39.000,60,70,1+1,1,1,54
YEŞİLYURT EMLAK'TAN ÇAMLIKTA 2+1+ARDİYE DÜZ GİRİŞ BAHÇELİ DAİRE,"Bakırköy,",85.000,120,135,2+1,2,1,34
Akmerkez Residence'da  2.5+1 206m2 Lüks daire,"Beşiktaş,",320.000,180,206,3+1,3,2,56
KARTAL UĞURMUMCU MAH. KİRALIK SİTE İÇERSİNDE 3+1 DAİRE,"Kartal,",25.000,120,130,3+1,3,1,20
*KAYALARDAMN* Bakırköy Florya Adakale'de 3+1 Sıfır Ultra Lüks Arakat Daire,"Bakırköy,",150.000,130,150,3+1,3,2,10
GÜVERTE EVLERİ SAHİL MAHALLESİ SİTE İÇİNDE KİRALIK 2+1,"Beylikdüzü,",24.000,85,100,2+1,2,2,14
DAP YAPI NISANTASI KORU PROJESINDE 2. EL FIRMASINDAN KIRALIK 1+1,"Şişli,",120.000,46,70,1+1,1,1,30
DAP YAPI NISANTASI KORU PROJESINDE 2. EL FIRMASINDAN KIRALIK 3+1,"Şişli,",500.000,155,355,3+1,3,3,54
"NİNE HATUN MAH.DÖRTYOL MEYDAN,METRO YAKIN, 2+1, 95m2, 1.Kat, D.Sobalı,Kullanışlı, Kiralık Daire","Esenler,",13.500,85,95,2+1,2,1,16
BELEDİYE SİTESİNDE ŞEHİR MANZARALI KİRALIK,"Beşiktaş,",50.000,80,110,2+1,2,1,16
FATİH'DE ŞEHREMİNİ MAH.KİRALIK2+1 BAHÇE KATI TADİLATLI BOYALI,"Fatih,",17.500,90,100,2+1,2,1,68
15 Temmuz Mahallesi'nde 2 + 1 orta kat kiralık daire,"Bağcılar,",14.000,80,90,2+1,2,1,37
15 Temmuz Mahallesi'nde kiralık birinci kat 2 + 1 daire,"Bağcılar,",12.500,80,90,2+1,2,1,33
Çok temiz boş 3+1 trendpark rezidans kapalı havuzlu,"Esenyurt,",27.000,150,165,3+1,3,2,14
DERİN GAYRİMENKUL'DEN HİM STAY'DE FULL EŞYALI STÜDYO DAİRE!,"Eyüpsultan,",31.000,35,50,1+0 (Stüdyo),1+0 (Stüdyo),1,14
ESENYURT PINAR MAHALLESİ EŞYASIZ KİRALIK 2+1,"Esenyurt,",15.000,100,110,2+1,2,2,10
TÜRKİYE EMLAK'DAN NENE HATUN MAH 1+1 KİRALIK 75m2 4.KAT DAİRE,"Esenler,",19.000,70,75,1+1,1,1,13
YALÇIN'DAN G.TEPE OTİM PARALELİ 85 M2 GİRİŞ KAT 2+1 OTOPARKLI KONUT,"Beşiktaş,",32.000,70,85,2+1,2,1,6
"FEVZİ ÇAKMAK MH 2009 YAPIM,METRO,MEYDAN YAKIN 1+1, 55m2, Bahçe Katı,Temiz, Yeni Binada Kiralık Daire","Esenler,",13.000,55,65,1+1,1,1,10
F-L EMLAKTAN EMAAR AVM LİBADİYE YAKINI SIFIR LÜKS 1+1 DÜZ GİRİŞ BAHÇELİ,"Üsküdar,",27.000,50,60,1+1,1,1,46
IŞIL DAN KALE KONAKLARI  FULL EŞYALI  5+1  KİRALIK VİLLA,"Büyükçekmece,",62.000,350,400,5+1,5,3,15
NİŞANTAŞI ZAFER SOKAKTA YENİ BİNA DA KİRALIK 2+1 DAİRE,"Şişli,",75.000,55,60,2+1,2,1,3
ATAŞEHİR İNÖNÜ MAH. 2+1 EŞYALI KİRALIK DAİRE,"Ataşehir,",26.000,75,85,2+1,2,1,23
TALATPAŞA DA 2+1 ARAKAT ASANSÖRLÜ KİRALIK DAİRE,"Esenyurt,",12.000,85,90,2+1,2,1,8
AVCILAR MERKEZDE KİRALIK 1+1 YENİ BİNA,"Avcılar,",13.500,50,55,1+1,1,1,8
Beykoz camlibahçede dubleks daire,"Beykoz,",25.000,85,95,2+1,2,1,10
ÇINAR MAHALLESİN DE 2+1 TERS DUBLEX KİRALIK DAİRE,"Esenyurt,",12.000,80,85,2+0,2+0,1,7
2+1 EŞYALI DAİRE 100M KAYIŞDAĞI İSTANBUL,"Ataşehir,",23.000,100,105,2+1,2,1,9
ERENKÖY MİNİBÜS CADDESİNE YAKIN 3+1 ARA KAT GENİŞ DAİRE,"Kadıköy,",64.000,125,135,3+1,3,1,86
KAYALARDAN FLORYA MERKEZİ LOKASYON KİRALIK 4+1 240 metre² ARAKAT,"Bakırköy,",53.000,220,240,4+1,4,1,35
ÇENGELKÖY BOĞAZ MANZARALI FULL EŞYALI 120M2 3+1  DAİRE,"Üsküdar,",65.000,121,145,3+1,3,1,26
PRP HOUSE DAN BAKIRCI TOPKAPIDA TAŞINMAYA HAZIR SIFIR 2+1,"Zeytinburnu,",42.000,53,75,2+1,2,1,10
Ethem Efendi Caddesi Üzerinde Peyzaj Cephe Sıfır Kiralık,"Kadıköy,",95.000,85,120,3+1,3,2,26
KAYALARDAN FLORYA ADAKALEDE SIFIR BİNADA KEYİFLİ BAHÇE KAT,"Bakırköy,",100.000,120,130,3+1,3,2,20
Güneşli Bağlar Mahallesi Güneşli Park Gardenya Sitesi Kiralık 3+1 Daire,"Bağcılar,",63.000,150,177,3+1,3,2,36
FL EMLAKTAN MİNİBÜS YOLU  METRO  YAKINI AÇIK KAPALI OTOPARK LI 1+1 BAHÇE KAT,"Kadıköy,",36.000,45,60,1+1,1,1,25
SKYLAND İSTANBUL 1+0 EŞYALI ORMAN CEPHE KİRALIK DAİRE,"Sarıyer,",40.000,40,50,1+0 (Stüdyo),1+0 (Stüdyo),1,1
Zekeriyaköy Havuzlu Ormanla Çevrili Site İçinde Kiralık Villa,"Sarıyer,",105.000,322,390,5+2,5,4,26
KAĞITHANE SEYRANTEPE ALTINAY CAD. FULL EŞYALI 1+0 KİRALIK DAİRE,"Kağıthane,",23.000,45,55,1+0 (Stüdyo),1+0 (Stüdyo),1,56
MÜSLÜM EMLAKTAN METROBÜSE 1 DK MESAFEDE TERAS KATI KİRALIK,"Avcılar,",16.000,110,130,3+1,3,1,22
AVCILAR CİHANGİRDE YENİ BİNADA BAHÇE KATI KİRALIK DAİRE,"Avcılar,",18.000,80,90,2+1,2,1,32
Zekeriyaköy'de kapalı garajlı geniş bahçeli kiralık dubleks,"Sarıyer,",120.000,180,209,3+1,3,2,26
Cihangir'de Süper Deniz Manzaralı Süper Teraslı Merkezde Balkonlu Bakımlı (2+1)(85)m2 Can Emlak'tan,"Beyoğlu,",70.000,75,85,2+1,2,1,38
"Etiler Maya Residencede kiralık 2,5+1 Daire","Beşiktaş,",260.000,190,210,2+1,2,2,22
KADIKÖY SUADİYE BAĞDAT CAD. YAKIN  2+1 KİRALIK DAİRE TROYKA'DAN,"Kadıköy,",65.000,85,100,2+1,2,2,31
Planet'ten 2+1 Çınar Caddesinde Doğalgazlı Kiralık Daire,"Adalar,",35.000,80,85,2+1,2,1,28
TAŞDELEN CUMHURİYET MAHALLESİN DE KİRALIK 4+2 ÜST DUBLEKS,"Çekmeköy,",34.000,145,165,4+2,4,3,26
EMİRGAN REŞİTPAŞA'DA 6 KATLI MÜSTAKİL BAHÇELİ DENİZ MANZARALI VİLLA,"Sarıyer,",215.000,550,600,8+3,8,4,26
KAĞITHANE SEYRANTEPE MAHALLESİNDE 2+1 80M2 METROYA 8 DK KİRALIK DAİRE,"Sarıyer,",15.000,75,80,2+1,2,1,26
ATAŞEHİR ÖRNEK MAHALLESİ 3+1 110M2 2.KAT KİRALIK DAİRE,"Ataşehir,",28.000,100,110,3+1,3,1,26
Beyoğlu Kiralık Daire Tarihi Binada Dubleks Penthouse Çift Teraslı,"Beyoğlu,",77.000,130,150,2+1,2,1,24
Cihangir Renovated W/Balcony Furnished 1+1 Flat for Rent,"Beyoğlu,",52.000,70,80,1+1,1,1,22
Beyoğlu Kiralık Daire 1+1 Tarihi Binada İçi Yenilenmiş Eşyalı,"Beyoğlu,",53.600,65,75,1+1,1,1,38
Bomonti Residences By Rotana Kiralık Balkonlu 1+1 Daire,"Şişli,",60.000,80,100,1+1,1,1,36
SELENİUM TWİNS KİRALIK BOĞAZ MANZARALI BALKONLU 550M2 PENTHOUSE,"Beşiktaş,",360.000,450,550,5+2,5,4,26
Nişantaşı Maçka Armani Residence Eşyalı 1+1 Kiralık Daire,"Beşiktaş,",120.000,100,141,1+1,1,1,31
Bomonti Rotana Residence Kiralık 1+1 Eşyalı Daire,"Şişli,",50.000,55,70,1+1,1,1,80
Zorlu Center Residence Kiralık Mobilyalı Deniz Manzaralı 2+1,"Beşiktaş,",345.000,140,190,2+1,2,2,22
Bomonti By Rotana Residences Yüksek Kat Eşyalı 1+1 Kiralık Daire,"Şişli,",60.000,60,70,1+1,1,1,52
Bomonti Residences Rotana Kiralık Eşyalı 2+1 Daire,"Şişli,",70.000,90,100,2+1,2,2,56
KEMERBURGAZ GÖKTÜRK AĞAÇLI KÖYÜNDE EŞYALI KİRALIK VİLLA,"Eyüpsultan,",47.500,220,240,5+1,5,2,146
HALKALI ATAKENT İSTANBUL SARAYLARI 'NDA 1+1 84m2 KİRALIK DAİRE,"Küçükçekmece,",32.500,84,94,1+1,1,1,117
AVCILAR MERKEZ MAHALESİNDE DEMİR SOKAKTA KİRALIK 2+1 DAİRE,"Avcılar,",21.000,85,90,2+1,2,1,27
FULL EŞYALI_ GÜVENLİKLİ SİTEDE_ GARAJLI_ BAHÇELİ_ KİRALIK VİLLA,"Başakşehir,",100.000,330,360,5+2,5,3,24
BAHÇEŞEHİR DUMANKAYA.. MANZARALI.. KİRALIK 2+1 DAİRE..,"Esenyurt,",20.000,84,116,2+1,2,1,26
HAVUZLU SİTEDE.. 3 MUTFAKLI.. FERAH.. MÜSTAKİL BAHÇELİ VİLLA..,"Başakşehir,",65.000,330,360,4+2,4,3,31
ÇİFT MUTFAK.. GARAJ.. HAVUZ.. GÜVENLİK.. TERAS.. BAHÇELİ VİLLA,"Başakşehir,",55.000,330,360,4+2,4,3,24
TÜRKİYE EMLAK'DAN FATİH MAH 2+1 KİRALIK 80m2 BAHÇE KAT DAİRE,"Esenler,",15.000,70,80,2+1,2,1,8
Etilerde Yeni Binada 2+1 ferah daire,"Beşiktaş,",110.000,70,100,2+1,2,1,18
"Feneryolu/Tuğlacıbaşı nda  deniz manzaralı,bakımlı/yenilenmiş kiralık daire","Kadıköy,",50.000,130,160,3+1,3,1,7
KAĞITHANE SEYRANTEPE MAH. METRO 1 DK 1+1 BEKARA UYGUN,"Kağıthane,",15.000,50,55,1+1,1,1,18
KÜÇÜKÇEKMECE ATATÜRK MAH.MALLOF KARŞISI 2+1 KİRALIK DAİRE,"Küçükçekmece,",18.500,75,80,2+1,2,1,54
VERSATİE GAYRİMENKUL NİŞANTAŞI KORU'DA KİRALIK 1+1 DAİRE,"Şişli,",120.000,47,95,1+1,1,1,15
Tuzla Şifa Mahallesi'de Açık Otoparklı 3+1 Kiralık Geniş Daire,"Tuzla,",23.000,90,120,3+1,3,1,15
ÜMRANİYE TAVUKÇUYOLU CADDESİNDE FERAH 2+1,"Ümraniye,",25.000,70,80,2+1,2,1,15
Maslak Spine Tower'da Manzaralı 2+1 Şık Lüks Daire,"Sarıyer,",120.000,100,144,2+1,2,2,26
Maslak Spine Tower'da Boğaz Manzaralı 325m² Lüks Boş Daire,"Sarıyer,",240.000,270,325,3+1,3,3,26
Maçka Armani Residenceda Manzaralı Büyük Tip Balkonlu 1+1 Daire,"Beşiktaş,",120.000,90,130,1+1,1,2,26
ZEYTİNLİKTE GENİŞ VE BAKIMLI KİRALIK BAHÇE KATI DAİRE,"Bakırköy,",20.000,83,100,2+1,2,1,38
FERİKÖY ORTANCA SOKAKTA BAHÇE KATI KİRALIK 2+1 EŞYALI DAİRE,"Şişli,",20.000,65,80,2+1,2,1,10
Selenium Ataköy'de Boş Balkonlu 1+1 Kiralık 63 M2 Kiralık Daire,"Bakırköy,",47.000,63,96,1+1,1,1,10
FENERBAHÇE KALAMIŞ'DA DENİZ VE PARK MANZARALI 4+1 ÇİFT BALKONLU,"Kadıköy,",55.000,155,175,4+1,4,1,115
2.EL KİRALAMA OFİSİNDEN NİŞANTAŞI KORU KİRALIK 1+1,"Şişli,",120.000,50,88,1+1,1,1,12
"FENERBAHÇE DALYAN, DENİZ MANZARALI,180 m², 3+1","Kadıköy,",77.500,165,180,3+1,3,1,36
DÜNYA ŞEHİR KARTALDA KİRALIK 2+1,"Kartal,",22.500,60,80,2+1,2,1,8
Ataşehir yeniçamlıca mah 2+1 Eşyalı Kiralık Daire,"Ataşehir,",19.000,90,100,2+1,2,1,8
19 MAYIS MAH. KİRALIK 2+1 DAİRE,"Şişli,",27.500,55,65,2+1,2,1,6
Beykoz camlibahçede yüksek giriş kat,"Beykoz,",22.000,85,95,3+1,3,1,9
ESENYURT NECİPFAZIL MAHALLESİNDE 2+1 BAHÇE KATI KİRALIK DAİRE,"Esenyurt,",10.000,90,100,2+1,2,1,12
Kalamış Wyndham Otel Karşı Sokağında 4+1 Balkonlu Güvenlikli,"Kadıköy,",125.000,144,190,4+1,4,2,43
AVCILAR MERKEZ MAH KİRALIK SIFIR 3+1 ARA KAT,"Avcılar,",30.000,100,105,3+1,3,1,10
F-L EMLAKTAN ÜMRANİYE DE ELİT SİTEDE 2+1 AİLE BEKARA UYGUN,"Ümraniye,",42.000,80,95,2+1,2,1,27
F-L EMLAKTAN DUDULLU MERKEZ İMES YAKINI 2+1 BOŞ YÜKSEK GİRİŞ,"Ümraniye,",20.000,70,80,2+1,2,1,24
F-L EMLAKTAN ÇEKMEKÖY GÖRGÜLÜ PASTANESİ YAKINI OFİS İŞYERİ MESKEN KULLANIMLI 3+1,"Çekmeköy,",30.000,115,120,3+1,3,1,25
F-L EMLAKTAN EMAAR AVM LİBADİYE YAKINI 3+1 GENÇ BİNA DUBLEKS,"Üsküdar,",34.000,110,115,3+1,3,2,25
F-L EMLAKTAN BULGURLU YAKINI ELİT SİTEDE 2+1 AİLE VE BEKARA UYGUN,"Ümraniye,",35.000,65,70,2+1,2,1,34
F-L EMLAKTAN ÜSKÜDAR VALİDE-İ ATİK DE  2+1 GENİŞ ARAKAT,"Üsküdar,",25.000,80,90,2+1,2,1,83
F-L EMLAKTAN BULGURLU METRODA ELİT OTOPARKLI SİTEDE 2+1 Y. GİRİŞ,"Üsküdar,",25.000,70,75,2+1,2,1,22
F-L EMLAKTAN FERAH MAH KISIKLI AVŞAR MARKET YAKINI 3+1 SIFIR LÜKS,"Üsküdar,",45.000,100,115,3+1,3,1,31
F-L EMLAKTAN BULGURLU METROYA 3 DK GENİŞ 3+1 DAİRE,"Üsküdar,",35.000,135,150,3+1,3,1,27
FL EMLAKTAN İKBAL CADDESİ YAKINI 2+1 YÜKSEK GİRİŞ,"Ümraniye,",21.000,75,80,2+1,2,1,29
F-L EMLAKTAN BULGURLU METROYA 5 DAKİKA 1+1 EŞYALI DAİRE,"Üsküdar,",20.000,50,60,1+1,1,1,80
F-L EMLAKTAN KISIKLI DA 2+1 BAHÇE KATI,"Üsküdar,",19.000,65,70,2+1,2,1,25
F-L EMLAKTAN ÜMRANİYE METRO ÇARŞI YAKINI 2+1 EŞYALI ÇATI KATI,"Ümraniye,",32.000,105,110,2+1,2,1,22
F-L EMLAKTAN ÖRNEK TIP MERKEZİ YAKINI 2+1 ARAKAT,"Ataşehir,",22.500,80,90,2+1,2,1,32
F-L EMLAKTAN CADDEBOSTAN SAHİL YAKINI ELİT 4+1 OFİS-MESKEN,"Kadıköy,",165.000,135,145,4+1,4,2,28
F-L EMLAKTAN TAKSİM GÜMÜŞSUYU YAKINI 2+1 EŞYALI AİLE-BEKARA,"Beyoğlu,",40.000,75,88,2+1,2,1,25
F-L EMLAKTAN BULGURLU ÇAĞRI YAKINI 2+1 AİLE-BEKAR-ÖĞRENCİ,"Üsküdar,",23.000,90,95,2+1,2,1,22
F-L EMLAKTAN EMAAR AVM LİBADİYE YAKINI SIFIR LÜKS EŞYALI 29 bin tl KİRACILI,"Üsküdar,",3.450.000,50,60,1+1,1,1,24
F-L EMLAKTAN BAĞDAT CAD. CADDEBOSTANDA 4+1 OFİS KULLANIMINA UYGUN,"Kadıköy,",120.000,180,185,4+1,4,1,21
F-L EMLAKTAN FERAH KISIKLI ÇAMLICA TEPESİ YAKINI 1+1 TEMİZ DAİRE,"Üsküdar,",15.500,85,95,1+1,1,1,30
F-L EMLAKTAN BULGURLU ÇAĞRI METRO YAKINI 3+1 ARA KAT,"Üsküdar,",53.000,120,125,3+1,3,2,36
F-L EMLAKTAN METRO YAKINI ÇATI KATI 1+1 60 M2 İSKANLI,"Üsküdar,",20.000,55,60,1+1,1,1,22
F-L EMLAKTAN EMAAR AVM LİBADİYEDE CADDEYE 2. BİNA  2+1 EŞYALI,"Üsküdar,",35.000,80,85,2+1,2,1,26
F-L EMLAKTAN EYÜPOĞLU YAKINI 2+1 95 M2 2.KAT AİLE-BEKAR UYGUN,"Ümraniye,",24.000,90,95,2+1,2,1,21
KADIKÖY ERENKÖY'DE 3+1 KİRALIK DAİRE TROYKA'DAN,"Kadıköy,",80.000,105,140,3+1,3,2,83
"Göztepede Büyük Bahçeli, Açık ve Kapalı Otoparklı, Depolu Emsalsiz Arakat Kiralık 2+1 Daire","Kadıköy,",70.000,75,100,2+1,2,2,26
ESENYURT HÜRRİYET MAHALLESİNDE 2+1 ARAKAT KİRALIK DAİRE,"Esenyurt,",15.000,90,100,2+1,2,1,8
ESENYURT NECİPFAZIL MAHALLESİNDE 2+1 ARAKAT KİRALIK DAİRE,"Esenyurt,",12.000,90,100,2+1,2,1,8
F-L EMLAKTAN ÜMRANİYE ÇARŞIDA EŞYALI Y. GİRİŞ 2+1,"Ümraniye,",28.000,85,110,2+1,2,1,19
F-L EMLAKTAN TEM OTOBAN KENARI ÖNÜ AÇIK YENİ  BİNA DUBLEKS 3+1,"Üsküdar,",57.000,125,150,3+1,3,2,19
F-L EMLAKTAN BULGURLU METRO MERKEZDE 2+1 EŞYALI BEKARA ÖĞRENCİYE,"Üsküdar,",31.000,70,75,2+1,2,1,19
AVCILAR CİHANGİR MAHALLESİN'DE 2+1 KİRALIK DAİRE,"Avcılar,",19.000,100,120,2+1,2,1,15
15 TEMMUZ MAH KİRALIK BODRUM KAT DAİRE,"Bağcılar,",7.500,70,80,2+1,2,1,7
MAÇKA RESİDENCE KİRALIK 1+1 EŞYASIZ DENİZ MANZARALI DAİRE,"Beşiktaş,",135.000,125,146,1+1,1,1,1
F-L EMLAKTAN ELİT SİTEDE 2+1 YÜKSEK GİRİŞ BEKAR A UYGUN,"Üsküdar,",24.000,75,80,2+1,2,1,18
DEMİR COUNTRY'DE SIFIR EŞYALI KİRALIK 3+1 DAİRE,"Beylikdüzü,",40.000,145,160,3+1,3,2,38
F-L EMLAKTAN EYÜPOĞLU YAKINI 2+1 GENİŞ DAİRE AİLE&KARİYERLİ BEKARA UYGUN,"Üsküdar,",33.000,80,90,2+1,2,1,17
F-L EMLAKTAN BULGURLU CUMHURİYETTE 2+1 ÇATI EŞYALI FATRURALAR DAHİL BAYANA UYGUN,"Üsküdar,",25.000,64,75,2+1,2,1,17
F-L EMLAKTAN FENERBAHÇE KONURALP SOK 3+1 5.KAT ARA KAT ÇİFT KLİMALI,"Kadıköy,",100.000,100,110,3+1,3,2,20
Kozyatağı STFA Bloklarında Ful Eşyalı 4+1 Park Manzaralı Lüks,"Kadıköy,",85.000,150,175,4+1,4,1,56
GÜLTEPE ORTABAYIR MEYDANDA 1+0,"Kağıthane,",13.000,50,60,1+0 (Stüdyo),1+0 (Stüdyo),1,42
F-L EMLAKTAN ESATPAŞA MERKEZ YAKINI 3+1 GİRİŞ KAT AİLE YE UYGUN,"Ataşehir,",35.000,110,125,3+1,3,2,16
F-L EMLAKTAN BULGURLU CUMHURİYET TE 1+1 TERAS KAT,"Üsküdar,",18.000,50,60,1+1,1,1,16
YEŞİLYURT EMLAK'TAN YENİ MANZARALI 3+SALON 150M2 ARAKAT DAİRE,"Bakırköy,",100.000,140,150,3+1,3,2,26
F-L EMLAKTAN MALTEPE KÜÇÜKYALI MİNİBÜSYOLU VE MARMARAY DİBİNDE 3+1 6. KAT,"Maltepe,",50.000,115,120,3+1,3,1,21
F-L EMLAKTAN BURGURLU DA SİTEDE EŞYALI 3+1 GENİŞ DAİRE,"Üsküdar,",45.000,96,120,3+1,3,1,14
"ESENLER METROSUNA YAKIN, 2007 YAPIM, 2+1 70m2  BAHÇE KATI KİRALIK DAİRE","Esenler,",15.000,70,80,2+1,2,2,10
NİŞANTAŞI KORU HAVUZLU 4+1 LÜKS KİRALIK DAİRE,"Şişli,",550.000,188,366,4+1,4,4,56
KAĞITHANE SEYRANTEPE MAHALLESİNDE 2+1 80M2 METROYA 2 DK,"Kağıthane,",22.000,75,80,2+1,2,1,60
Beyoğlu Cihangir 2+1 Kiralık Daire Tramvay Yakını Eşyalı,"Beyoğlu,",50.000,90,100,2+1,2,1,31
Cihangir 4+1 Kiralık Daire Tarihi Bina Manzaralı Asansörlü,"Beyoğlu,",100.000,150,160,4+1,4,1,31
MÜSLÜM EMLAKTAN AMBARLIDA TERS DUBLEKS KİRALIK DAİRE,"Avcılar,",25.000,150,180,3+2,3,1,44
DERİN'DEN HİM SUITES KEMERBURGAZ'DA FULL EŞYALI 1+1 DUBLEKS!!,"Eyüpsultan,",39.000,62,74,1+1,1,1,39
DERİN'DEN HİM EVLERİ KEMER'DE KİRALIK 3+1 DUBLEKS DAİRE!!,"Eyüpsultan,",80.000,116,137,3+1,3,3,83
DERİN'DEN CAPITAL COURTYARD'DA TERASLI HAVUZ CEPHE 1+1!!,"Eyüpsultan,",42.000,70,91,1+1,1,1,48
DERİN GAYRİMENKUL'DEN HAVUZLU SİTEDE FULL EŞYALI 1+1 DAİRE!,"Eyüpsultan,",35.000,40,50,1+1,1,1,38
DERİN'DEN HİM SUITES KEMERBURGAZ'DA FULL EŞYALI 1+1 DUBLEKS,"Eyüpsultan,",40.000,60,75,1+1,1,1,257
F-L EMLAKTAN BULGURLUYA KOMŞU ESENEVLERDE DÜZ GİRİŞ AİLEYE UYGUN 2+1,"Ümraniye,",19.000,80,85,2+1,2,1,13
Bomonti Sinpaş Queen Residence Lüks Kiralık Eşyalı 1+1 Daire,"Şişli,",60.000,70,93,1+1,1,1,19
HALKALI ATAKENT SOYAK PARK APARTS 1+0 EŞYALI KİRALIK DAİRE,"Küçükçekmece,",20.000,32,46,1+0 (Stüdyo),1+0 (Stüdyo),1,49
F-L EMLAKTAN TEM OTOBAN YAKINI ELİT BUTİK SİTEDE 3+1 GENÇ BİNA,"Üsküdar,",42.500,100,115,3+1,3,1,11
F-L EMLAKTAN METRO YA 5 DK MESAFEDE 2+1 AİLE BEKARA UYGUN,"Üsküdar,",32.000,75,90,2+1,2,1,11
F-L EMLAKTAN SULTANBEYLİ ADİL MAH. YENİ BİNA TERS DUBLEKS 4+1 BOŞ!,"Sultanbeyli,",22.000,115,120,4+1,4,1,11
KAYALARDAN ANA CADDEYE METROBÜSE YAKIN KOMBİLİ 3+1 BAHÇE KATI,"Bakırköy,",37.500,95,120,3+1,3,1,28
Fenerbahçe Ayanoğlu Caddesi Sıfır Binada Balkonlu 3+1 Daire,"Kadıköy,",125.000,105,137,3+1,3,2,156
VERSATIE GAYRİMENKUL NİŞANTAŞI KORU DA KİRALIK 2+1 BAHÇE KATI,"Şişli,",400.000,278,350,2+1,2,2,17
"MİMAR SİNAN MH.DÖRTYOL MEYDANDA METRO YAKIN, 3+1 100m2 5.KAT TEMİZ KİRALIK DAİRE","Esenler,",20.000,100,110,3+1,3,2,9
esenler tuna mahallesi kiralık 1+1 daire,"Esenler,",12.000,60,70,1+1,1,1,15
F-L EMLAKTAN BULGURLU EMAAR AVM LİBADİYE DSİ YAKINI 1+1 EŞYALI ARA KAT,"Üsküdar,",30.000,60,65,1+1,1,1,8
Beykoz Çubukluda arakat 3+1daire,"Beykoz,",35.000,110,130,3+1,3,1,14
F-L EMLAKTAN ÜMRANİYE ÇARŞIDA 1+1 ÇATI KATI EŞYALI DAİRE,"Ümraniye,",27.000,55,60,1+1,1,1,6
F-L  EMLAKTAN BÜYÜKÇAMLICA FERAH MAH KISIKLI YAKINI 2+1 Y.GİRİŞ,"Üsküdar,",22.000,60,65,2+1,2,1,6
YEŞİLYURT EMLAK'TAN SIFIR BAHÇE KAPALI GARAJLI ASANSÖRLÜ BİNADA YEŞİLYURTTA,"Bakırköy,",50.000,65,85,1+1,1,1,13
F-L EMLAKTAN ÇARŞI METROYA 1 DK EŞYALI DAİRE CADDE ÜZERİNDE,"Ümraniye,",27.000,55,65,1+1,1,1,5
2.EL KİRALAMA OFİSİNDEN NİŞANTAŞI KORU KİRALIK 1+1,"Şişli,",150.000,43,87,1+1,1,1,14
ÇEKMEKÖY EKŞİOĞLU MAHALLESİNDE KİRALIK 2+1SIFIR DAİRE,"Çekmeköy,",22.000,60,75,2+1,2,1,8
FIKIRTEPE İSTANBUL 216 1. ETAP 2 1 DEKORASYONLU KIRALIK DAIRE,"Kadıköy,",51.000,70,96,2+1,2,2,32
Çengelköyde Site İçinde Bakımlı 3+1 Bakımlı Villa,"Üsküdar,",60.000,115,135,3+1,3,1,40
TÜRKİYE EMLAK'DAN FATİH MAH 2+1 KİRALIK 105m2 GİRİŞ KAT DAİRE,"Esenler,",15.000,95,105,2+1,2,1,15
TÜRKİYE EMLAK 2+1 SIFIR 4.KAT 80M2 KÖŞEBAŞI DAİRE,"Esenler,",20.000,70,80,2+1,2,1,12
SEYRANTEPE METRO HATTINA 6 DK - ETFAL HASTANE 12 DK 4+2,"Kağıthane,",29.000,135,145,4+2,4,2,31
KAĞITHANE SEYRANTEPE METRO 4 DK ARAKAT 90m2 2+1 KİRALIK DAİRE,"Kağıthane,",25.000,85,90,2+1,2,1,56
"Acıbadem'de 4+2 Geniş Teraslı , Asansörlü Kiralık Daire","Üsküdar,",77.000,145,180,4+2,4,2,23
Cihangir'de Deniz Manzaralı Otoparklı Asansörlü (2)Balkonlu Bakımlı Aydınlık Kombili (3+1)(135)m2,"Beyoğlu,",65.000,130,135,3+1,3,1,34
TÜRKİYE EMLAK'DAN NENE HATUN MAH 2+1 KİRALIK 120m2 5.KAT DAİRE,"Esenler,",20.000,110,120,2+1,2,2,56
MAÇKA ARMANİ RESIDENCE TA EŞYALI 1+1 KİRALIK DAİRE,"Beşiktaş,",115.000,135,145,1+1,1,2,
KADIKÖY ERENKÖY'DE MERKEZİ LOKASYONDA 3+1 KİRALIK DAİRE,"Kadıköy,",80.000,110,130,3+1,3,2,42
KADIKÖY KAZASKER ŞAKACI SOKAK'DA 3+1 KİRALIK DAİRE TROYKA'DAN,"Kadıköy,",45.000,110,145,3+1,3,1,36
ÇİFTÇİ TOWERS'DA 6+1 MANZARALI AB TİPİ KİRALIK DAİRE,"Beşiktaş,",680.000,426,578,6+1,6,4,28
ÇİFTÇİ TOWER 2.KULE'DE KİRALIK BOĞAZ MANZARALI 5+1,"Beşiktaş,",400.000,270,355,5+1,5,3,23
"ÇİFTEHAVUZLAR BAĞDAT CADDESİNE 2. BİNADA 4.KAT 2+1 SIFIR, FİYAT SONDUR!!","Kadıköy,",55.000,58,70,2+1,2,1,46
ŞİŞLİ ELİT RESIDENCE 4-12 AY KİRALAMAYA UYGUN EŞYALI 2+1 DAİRE,"Şişli,",85.890,160,192,2+1,2,2,50
BEŞİKTAŞ'TA 4-12 AY KİRALAMAYA UYGUN EŞYALI 3+1 DAİRE,"Beşiktaş,",67.910,85,102,3+1,3,1,50
NİŞANTAŞI'NDA 6-12 AY KİRALAMAYA UYGUN EŞYALI 2+1 DAİRE,"Şişli,",54.930,102,122,2+1,2,1,69
KETEN ÇIRAĞAN'DA 6-12 AY KİRALAMAYA UYGUN EŞYALI 2+1 DAİRE,"Beşiktaş,",67.420,96,115,2+1,2,1,122
KAYALARDAN YAKUPLU PALM MARİN DE KİRALIK 3+1 150 metre² ARAKAT,"Beylikdüzü,",45.000,150,160,3+1,3,2,28
Planet'ten Müstakil Temiz Merkeze Çok Yakın Kiralık Daire,"Adalar,",50.000,80,100,2+1,2,1,25
KAĞITHANE SEYRANTEPE MEMUREVLERİ BAHÇELİ 3+1 KİRALIK DAİRE,"Kağıthane,",22.500,85,95,3+1,3,1,34
Kağıthane seyrantepe mah altınay cad 2+1 100 m2 çift banyolu **,"Kağıthane,",30.000,85,95,2+1,2,2,22
Kağıthane hürriyet mah 2+1 85 m2 balkonlu arakat kiralık daire,"Kağıthane,",18.000,75,85,2+1,2,1,36
YENİ BİNA GÜNEY CEPHE ASANSÖRLÜ BEKARA UIYGUN 1+1 50m2 22.000TL,"Kağıthane,",22.000,45,50,1+0 (Stüdyo),1+0 (Stüdyo),1,31
REDSTONE CADDE'DEN KOŞUYOLU BAŞKANLAR SİTESİNDE 4 + 1 DAİRE,"Kadıköy,",50.000,170,200,4+1,4,1,41
Bomonti Rotana Residence 2+1 Balkonlu Boğaz Manaralı Kiralık Daire,"Şişli,",125.000,124,170,2+1,2,2,26
Rumelihisarı 4+1 Asansörlü Otoparklı Dekorasyonlu Yalı Dairesi,"Sarıyer,",440.000,280m²,250,4+1,4,3,31
Bomonti Residences By Rotana Kiralık 2+1 Büyük Tip Daire,"Şişli,",80.000,110,140,2+1,2,2,26
Bomonti Rotana Residence Kiralık Büyük Tip 2+1 Daire,"Şişli,",80.000,90,130,2+1,2,2,27
MÜSLÜM EMLAKTAN KİRALIK MÜSTAKİL BAHÇE KATI,"Avcılar,",13.500,80,90,2+1,2,1,28
DERİN GAYRİMENKUL'DEN MİR EVLERİ'NDE BOŞ 2+1'DAİRE!!,"Eyüpsultan,",48.000,90,120,2+1,2,2,36
"Göktürk Çamlık Cad. Ferah , aydınlık  2+1 KİRALIK DAİRE","Eyüpsultan,",40.000,73,80,2+1,2,1,23
AVCILAR MERKEZ MAHALLESİ'NDE KİRALIK 2+1 DAİRE,"Avcılar,",21.000,84,90,2+1,2,1,96
ATAŞEHİR İÇERENKÖY İÇİ TAMAMİYLE YENİLENMİŞ 3+1 DAİRE,"Ataşehir,",40.000,105,135,3+1,3,1,104
"EŞYALI KİRALIK 2+2 DUBLEX ÜNALAN,EMAAR AVM YÜRÜME MESAFESİ","Üsküdar,",50.000,91,110,2+2,2,2,35
ÜNALAN 2+2 DUBLEX TERASLI EMAAR AVM YÜRÜME MESAFESİ,"Üsküdar,",40.000,91,110,2+2,2,2,37
DERİN GAYRİMENKUL'DEN HİM STAY'DE FULL EŞYALI STÜDYO DAİRE!!,"Eyüpsultan,",30.000,35,50,1+0 (Stüdyo),1+0 (Stüdyo),1,30
DERİN GAYRİMENKUL'DEN BAHÇE DUBLEKSİ FULL EŞYALI 2+1!!,"Eyüpsultan,",65.000,94,120,2+1,2,2,45
YEŞİLYURT EMLAKTAN YEŞİLKÖYDE YENİ 3+SALON 140M2 ARAKAT KİRALIK,"Bakırköy,",90.000,120,140,3+1,3,1,33
HAVUZLU_ GÜVENLİKLİ SİTE_ MÜSTAKİL BAHÇELİ_ ŞÖMİNE_ ÇİFT MUTFAK,"Başakşehir,",80.000,330,360,4+2,4,3,26
KARTAL SİNA PARK SİTESİNDE 1+1 KİRALIK DAİRE,"Kartal,",19.000,55,65,1+1,1,1,61
SELAMİÇEŞME FENERBAHÇE CADDEYE 2. PARALEL 4+1 GENİŞ KİRALIK DAİRE,"Kadıköy,",110.000,200,230,4+1,4,3,20
ŞİŞLİ YENİ BİNADA 4-12 AY KİRALAMAYA UYGUN 1+1 EŞYALI DAİRE,"Şişli,",40.000,52,61,1+1,1,1,19
ŞİŞLİ ELYSİUM COOL RESİDENCE'DA TERASLI DUBLEKS KİRALIK DAİRE,"Şişli,",75.000,160,186,3+1,3,2,19
PENDİK AHMETYESEVİ MAHALLESİ'NDE KİRALIK DAİRE 3+1,"Pendik,",21.500,90,100,3+1,3,1,6
ATLANTİS GAYRİMENKULDEN M.SİNAN MAHALLESİNDE HER KESİME UYGUN GENİŞ 2+1,"Ataşehir,",18.000,90,95,2+1,2,1,26
HALKALI ATAKENT SOYAK PARK APARTS 1+0 EŞYALI KİRALIK DAİRE,"Küçükçekmece,",21.500,32,46,1+0 (Stüdyo),1+0 (Stüdyo),1,62
BEYOĞLU PİRİPAŞA MAH KİRALIK 2+1 DİARE,"Beyoğlu,",27.000,90,100,2+1,2,1,17
ÜSKÜDAR ALTUNİZADE MAHALLESİ KÖŞK SİTESİNDE KİRALIK 2+1DAİRE,"Üsküdar,",38.000,90,100,2+1,2,1,17
Mint Kağıthane'de 1+1 Eşyalı Kiralık Rezidans..,"Kağıthane,",26.000,35,55,1+1,1,1,56
MAÇKA ARMANİ RESIDANCE MANZARALI 240 M2 350 BİN TL,"Beşiktaş,",350.000,240,300,3+1,3,2,33
ÇENGELKÖY'DE MANZARALI MOBİLYALI DUBLEKS KİRALIK DAİRE,"Üsküdar,",133.000,285,350,3+1,3,2,98
BEBEK'TE MANZARALI FIRSAT DAİRE,"Beşiktaş,",47.000,62,75,1+1,1,1,27
TAŞOLUKTA METROYA YÜRÜME MESAFESİNDE KİRALIK DUBLEKS,"Arnavutköy,",30.000,165,180,4+2,4,2,14
VADİSTANBUL TERAS 1+1 GÜNCEL KİRALIK DAİRE,"Sarıyer,",55.000,65,87,1+1,1,1,14
KAĞITHANE SEYRANTEPE'DE 1+0 METROYA 2 DK FATURALAR DAHİL 35M2,"Kağıthane,",24.000,25,35,1+0 (Stüdyo),1+0 (Stüdyo),1,14
MÜSLÜM EMLAKTAN 12 YILLIK BİNADA 3+1 ARAKAT,"Avcılar,",22.500,110,115,3+1,3,1,14
Mint Kağıthane'de 1+1 Kiralık Rezidans,"Kağıthane,",30.000,35,55,1+1,1,1,18
ESENYURT TALATPAŞA MAH. 2+1 EBEVEYN BANYOLU KİRALIK DAİRE,"Esenyurt,",15.000,85,95,2+1,2,2,10
2.ULUS MERKEZİ LOKASYON MANZARALI BAKIMLI 200 M2 4+1 DAİRE,"Beşiktaş,",80.000,190,200,4+1,4,2,11
ÇEKMEKÖY EKŞİOĞLU MAHALLESİNDE SIFIR 2+1 ARA KAT DAİRE,"Çekmeköy,",21.000,60,75,2+1,2,1,8
ETİLER CENGİZ TOPELDE 80 M2 2+1 BAKIMLI KOMBİLİ !!,"Sarıyer,",36.000,70,79,2+1,2,1,26
F-L EMLAKTAN ÜMRANİYE SANTRAL YAKINI 3+1 ARA KAT,"Üsküdar,",35.000,115,120,3+1,3,1,19
Rumelihisarı'nda Muhteşem Manzaralı 4+1 Kiralik Daire,"Sarıyer,",495.000,245,285,4+1,4,2,9
KAYALARDAN MERTER E-5 ÜZERİ MANZARALI FERAH 3.5+1 160 metre²,"Güngören,",35.000,160,170,3+1,3,1,30
Etiler Petrol sitesinde Kiralık daire,"Beşiktaş,",55.000,90,120,2+1,2,1,26
AĞAOĞLU MASLAK 1453 DE 2+1 BOŞ DAİRE,"Sarıyer,",65.000,105,155,2+1,2,1,9
Güzeltepe'de 2+1 Full Eşyalı Kiralık Daire..,"Eyüpsultan,",40.000,79,84,2+1,2,1,14
Mecidiyeköy 2+1 eşyalı otoparklı kiralık daire,"Şişli,",22.000,68,76,2+1,2,1,9
Mecidiyeköy 2+1 eşyalı asansörlü kiralık daire,"Şişli,",30.000,70,75,2+1,2,1,9
Etiler Çamlık'ta KİRALIK 1+1 Eşyalı/Eşyasız Balkonlu Büyük Daire,"Beşiktaş,",45.000,50,65,1+1,1,1,6
MYD Galata dan Asansörlü bina da Deniz manzaralı balkonlu kiralık daire,"Beyoğlu,",85.000,65,80,2+1,2,1,37
Mecidiyeköy Trump Arkası 2+1 Eşyalı Kiralık,"Şişli,",16.000,55,65,2+1,2,1,17
ETİLER ÇAMLIK'TA 2+1 ARA KAT DAİRE,"Beşiktaş,",50.000,125,130,2+1,2,1,8
IŞIL DAN 4. LEVENTTE  LUX  RESİDANCE  KİRALIK 1+1 DAİRE,"Büyükçekmece,",28.000,75,85,1+1,1,1,8
Kazasker 3+1 Kiralık Kozzy Yakını Kentsel Dönüşüm Görüşmeli Boş,"Kadıköy,",25.000,130,160,3+1,3,1,26
MYD Galata Cumba Balkon Asansör Deniz - Kule manzaralı kiralık,"Beyoğlu,",55.000,60,80,1+1,1,1,19
IŞILDAN BÜYÜKÇEKMECEDE TEMİZ 2+1 KİRALIK DAİRE,"Büyükçekmece,",20.000,89,100,2+1,2,1,7
BEBEK KORUDA MUHTEŞEM MANZARALI OTOPARKLI 3+1 ÇATI DUBLEKSİ,"Beşiktaş,",420.000,200,220,3+1,3,2,2
Güneşli Konutlarında Eşyalı Kiralık 2+1 Daire,"Bağcılar,",43.000,83,97,2+1,2,2,31
Başakşehir Güvercintepe mahallesinde kiralık dubleks daire 3+2 ve 3 yaşında,"Başakşehir,",20.000,95,105,3+2,3,1,24
Sarıyer Uskumruköy 'de Çift Banyolu 1+1 Kiralık Müstakil Ev,"Sarıyer,",52.000,80,90,1+1,1,2,46
"Kartal, Manzara Adalar sitesinde deniz manzaralı BOŞ geniş 1+1","Kartal,",35.000,72,92,1+1,1,1,32
DİKİLİTAŞ EMİRHAN CAD. GENÇ BİNADA EŞYALI 2+1,"Beşiktaş,",49.000,80,100,2+1,2,1,15
ARİFİ PAŞA KORUSUNDA MİMAR TARAFINDAN YENİLENMİŞ KİRALIK  3+1 DAİRE,"Beşiktaş,",170.000,220,240,3+2,3,3,33
Selenium Twins Kiralık 96m2 1+1 Daire,"Beşiktaş,",60.000,76,96,1+1,1,1,56
SESPORT REZİDANS / 2+1 65 m² / A TİP (1 ADET) / FARKLI DAİRE TİPLERİMİZ MEVCUTTUR,"Sultangazi,",23.000,65,70,2+1,2,1,42
Şişli Beyoğlu Polat Piyalepaşa Residence da 2+1 Daire,"Beyoğlu,",60.000,70,85,2+1,2,1,22
SESPORT REZİDANS / 2+1 65 m² / D TİP (1 ADET) / FARKLI DAİRE TİPLERİMİZ MEVCUTTUR,"Sultangazi,",23.000,65,70,2+1,2,1,20
INVEST LAKE'DEN ESENYURT PINAR MAHALLESİNDE KİRALIK BAHÇE KATI 2+1 DAİRE,"Esenyurt,",12.000,80,95,2+1,2,1,6
MYD Galata Cumba Balkon Asansör Deniz - Kule manzaralı kiralık,"Beyoğlu,",60.000,60,80,1+1,1,1,17
Evim Kadıköy Fikirtepe'de KİRALIK daire;,"Kadıköy,",30.000,42,57,1+1,1,1,9
TEŞVİKİYE'DE BAKIMLI KISMİ DENİZ MANZARALI 2+1 DAİRE,"Beşiktaş,",35.000,70,80,2+1,2,1,13
Very Close to High School 1+1 Furnished Loft House Including Bills for Rent,"Beyoğlu,",55.000,60,65,1+1,1,1,29
Fenerbahçe İş Bankası Bloklarına Yakın 3+1 Balkonlu Kiralık,"Kadıköy,",125.000,127,155,3+1,3,2,41
B.Evler Medicana Hst.Yakını Sıfır3+1 120m2 Lüks Ön Cephe 2.Kat,"Bahçelievler,",57.000,112,125,3+1,3,1,60
DERİN'DEN KEMERBURGAZ'DA FULL EŞYALI 1+1 ARAKAT DAİRE!!,"Eyüpsultan,",35.000,50,61,1+1,1,1,66
KAĞITHANE SEYRANTEPE'DE METROYA 2 DK FİYATA FATURALAR DAHİL 30M2 1+1 EŞYALI,"Kağıthane,",28.000,27,30,1+1,1,1,32
Nişantaşı Koru Dap Kiralık 1+1 Eşyalı Sıfır Daire,"Şişli,",125.000,70,100,1+1,1,1,29
"Şişli Merkezi Konumda Kapalı Garaj, Lüks eşya, Çift Balkonlu 3+1","Şişli,",49.000,120,130,3+1,3,1,27
Şişli Osmanbey Metrosuna Yürüme Mesafesi Herşey Dahil 2+1 Daire,"Şişli,",71.000,70,75,2+1,2,1,26
DERİN GAYRİMENKUL'DEN HİM STAY'DEN FULL EŞYALI 2+1 ÇATI DUBLEKSİ,"Eyüpsultan,",57.000,83,100,2+1,2,2,21
DERİN'DEN DESIGN SUITES KEMERBURGAZ'DA EŞYALI ÇATI DUBLEKSİ..,"Eyüpsultan,",30.000,60,74,1+1,1,1,29
DERİN'DEN KEMERBURGAZ'DA KEMER VİSTA'DA 2+1 DAİRE!!,"Eyüpsultan,",40.000,90,110,2+1,2,1,83
DERİN GAYRİMENKUL'DEN HİM STAY'DE FULL EŞYALI STÜDYO DAİRE!!,"Eyüpsultan,",30.000,35,51,1+0 (Stüdyo),1+0 (Stüdyo),1,44
ATLANTİS GAYRİMENKULDEN İÇERENKÖY MH KİRALIK 3+1 FERAH MERKEZİ DAİRE,"Ataşehir,",24.500,110,120,3+1,3,2,38
YB GM'den Maslak Mashattan kiralık 1+1 Mobilyalı Daire -Güncel-,"Sarıyer,",49.000,73,85,1+1,1,1,16
Metronun dibinde kiralik daire,"Ümraniye,",32.000,65,75,2+1,2,1,23
mecidiyeköy 2+1 kiralık eşyalı daire,"Şişli,",17.500,52,61,2+1,2,1,12
ACIBADEM ANA CADDENİN BİR ARKA PARALELİNDE 1+1 KİRALIK DAİRE,"Üsküdar,",42.500,42,47,1+1,1,1,19
MYD Galata'dan Tarihi Bina Gloria Eşyalı 2+1Kiralık Daire,"Beyoğlu,",80.000,120,140,2+1,2,2,140
MYD Galata dan Fransız Balkonlu Asansörlü eşyalı Geniş 1+1 Kiralık Daire,"Beyoğlu,",57.500,70,90,1+1,1,1,32
Mecidiyeköy 1+1 eşyalı kiralık metro metrobüs 10 dk,"Şişli,",25.000,60,70,1+1,1,1,6
PETROL SİTESİNDE LÜKS BAKIMLI 2+1 !!,"Beşiktaş,",50.000,80,90,2+1,2,1,86
"ERENKÖY,BİLİM SK ,BAĞDAT CAD.1 DK 3+1 SIFIR BALKONLU 95 M2","Kadıköy,",125.000,95,115,3+1,3,2,45
Beyoğlu 2+1 Kiralık Daire Şişhane'de Tarihi Binada Asansörlü Ebeveyn Banlyolu,"Beyoğlu,",105.000,70,80,2+1,2,2,56
KW PLATİN&KARMA - ACARKENT BAHCELİ KİRALIK TRİPLEKS VİLLA,"Beykoz,",145.000,350,380,5+1,5,5,77
BAKIRKÖY İNCİRLİ CADDESİ ACİL KİRALIK 140 m2 DAİRE 2+1,"Bakırköy,",32.000,140,150,2+1,2,2,114
İNCİRLİ CADDESİ ÜZERİNDE ACİL KİRALIK 2+1 GENİŞ 140 m2 DAİRE,"Bakırköy,",32.000,140,150,2+1,2,2,76
FİNANSMAN'DAN..HAVUZ..GÜVENLİK..FITNESS..BAHÇELİ..KÖŞE VİLLA,"Başakşehir,",65.000,330,360,5+2,5,4,26
Bağcılar Yenigün Mahallesi'nde Ulaşımı Kolay 2+1 Kiralık Daire!,"Bağcılar,",14.000,60,70,2+1,2,1,31
YEŞİLYURT EMLAK'TAN 2+SALON 110M2 GÜNEY CEPHE KİRALIK DAİRE,"Bakırköy,",80.000,100,109,2+1,2,2,22
KADIKÖY SUADİYE KAVİSLİ SOKAK'DA 2+1 KİRALIK DAİRE TROYKA'DAN,"Kadıköy,",75.000,80,110,2+1,2,2,26
KOZYATAĞI MESA KOZ'DA FULL EŞYALI KİRALIK 2+1 DUBLEKS HOME OFİS,"Kadıköy,",190.000,114,192,2+1,2,3,26
DAP DALGA KULE FULL EŞYALI - BOŞ - STÜDYO KİRALIK KAÇIRMAYIN,"Maltepe,",22.500,35,50,1+0 (Stüdyo),1+0 (Stüdyo),1,26
INLIFE ATAŞEHİR DE 1+1 KİRALIK DAİRE KAÇIRMAYIN,"Ataşehir,",35.000,45,70,1+1,1,1,26
TAKSİM-BEYOĞLU-ŞİŞLİ KISA & UZUN DÖNEM FULL EŞYALI 2+1 DUBLEKS !,"Şişli,",45.000,90,100,2+1,2,2,
TURYAP GÖZTEPE DEN ÇAMLICA DA DEKORASYONLU KİRALIK LÜKS DAİRE,"Üsküdar,",95.000,275,300,3+1,3,2,26
TURYAP GÖZTEPE DEN MERDİVENKÖY DE 2+1 KİRALIK DAİRE,"Kadıköy,",32.000,55,70,2+1,2,1,26
AVCILARDA GÜZEL KONUMDA KİRALIK 2+1 ÖN CEPHE BAHÇELİ DAİRE,"Avcılar,",16.000,65,70,2+1,2,1,29
Ataköy Konaklarında Emsalsiz ''B'' Tipi 260 M2 Boş 4+1 Kiralık,"Bakırköy,",210.000,220,260,4+1,4,2,47
Valideçeşme Beşiktaş'ta 2+1 Eşyalı veya Eşyasız Kiralık Daire,"Beşiktaş,",48.000,70,84,2+1,2,1,14
TAKSİM ELYSİUM OTEL LOFT TİPİ 1+1 EŞYALI KİRALIK RESIDENCE,"Şişli,",70.000,85,110,1+1,1,2,88
KADIKÖY ERENKÖY ATATÜRK CADDESİ 3+1 KİRALIK DAİRE TROYKADAN,"Kadıköy,",41.000,120,138,3+1,3,2,48
KAĞITHANE SEYRANTEPE'DE MEMUR EVLERİNDE 2+1 85M2 TOPLU TAŞIMAYA 4 DK KİRALIK DAİRE,"Kağıthane,",21.000,80,85,2+1,2,1,56
KAĞITHANE ÇELİKTEPE'DE METROYA 7DK 3+1 120M2 ASANSÖRLÜ,"Kağıthane,",40.000,115,120,3+1,3,1,74
YB GM'den 42 Maslak'ta Kiralık Residence Daire,"Sarıyer,",110.000,115,136,2+1,2,2,26
"ACIBADEM KONAKLARI, KONUMU,MİMARİSİ VE KALİTESİYLE HARİKA 3+1","Üsküdar,",110.000,120,160,3+1,3,3,56
CİHANGİRDE METROBÜSE YAKIN KİRALIK 2+1 1.KAT EŞYALI DAİRE,"Avcılar,",21.000,85,90,2+1,2,1,13
Bakırköy İncirli Eşyalı 1+1 Kiralik Daire,"Bakırköy,",35.000,55,70,1+1,1,1,19
Nişantaşı Koru'da Kiralık 1+1 | Şehrin Merkezinde Özel Bir Yaşam Alanı,"Şişli,",90.000,75,85,1+1,1,1,13
TÜRKİYE EMLAK FATİH MAH 2+1 90m2 MASRAFSIZ 2.KAT KİRALIK DAİRE,"Esenler,",15.000,80,90,2+1,2,1,12
Erenköyde Marmaray ve Bağdat Caddesi Arasında  Arakat Kiralık Sıfır 2+1 Daire,"Kadıköy,",70.000,85,100,2+1,2,2,56
Bahçelievler'de yeni binada asansörlü 2+1 arakat kiralık daire,"Bahçelievler,",29.000,80,90,2+1,2,1,26
TÜRKİYE EMLAK'DAN FATİH MAH 1+1 KİRALIK 80m2 2.KAT DAİRE,"Esenler,",15.000,70,80,1+1,1,1,51
TÜRKİYE EMLAK'DAN FATİH MAH 2+1 KİRALIK 100m2 1. KAT DAİRE,"Esenler,",12.000,90,100,2+1,2,1,36
BAHÇELİEVLER MAHALESİ 3+1  180 m2 LÜKS KİRALIK DAİRE,"Bahçelievler,",85.000,160,180,3+1,3,2,8
NIŞANTAŞI'NIN KALBINDE 3+1 KIRALIK DAIRE!,"Şişli,",65.000,135,145,3+1,3,1,52
TÜRKİYE EMLAK'DAN FATİH MAH 1+1 KİRALIK 60m2 YÜKSEK GİRİŞ DAİRE,"Esenler,",9.000,50,60,1+1,1,1,26
SİMA YAPI'DAN ANA CADDEYE YAKIN AİLE BİNASINDA KİRALIK DAİRE,"Esenyurt,",13.000,85,90,1+1,1,2,66
SİMA YAPI'DAN METROBÜSE YAKIN MASRAFSIZ 2+1 KİRALIK DAİRE,"Esenyurt,",12.000,90,95,2+1,2,2,24
SİMA YAPI'DAN GİRİŞ EMSALİNDE BAHÇE KULLANIMLI 2+1 KİRALIK DAİRE,"Esenyurt,",10.000,95,100,2+1,2,1,38
SİMA YAPI'DAN GENİŞ M2 BAHÇE KULLANIMLI AİLE BİNASINDA 2+1 KİRALIK DAİRE,"Esenyurt,",12.000,100,110,2+1,2,2,32
SİMA YAPI'DAN YENİ BİNADA BAHÇE KULLANIMLI MERKEZİ KONUMDA 2+1 KİRALIK DAİRE,"Esenyurt,",11.000,95,100,2+1,2,1,34
LEVENT MERKEZİ KONUMDA BAHÇELİ VİLLA,"Beşiktaş,",290.000,280,300,5+1,5,1,25
Fatih Koca Mustafapaşa Kiralık Deniz Manzaralı 3+1 Daire,"Fatih,",27.000,90,105,3+1,3,1,22
SİMA YAPI'DAN DEKORLU BAHÇE KULLANIMLI 2+1 KİRALIK DAİRE,"Esenyurt,",12.000,95,100,2+1,2,1,16
KAĞITHANE SEYRANTEPE ALTINAY CAD FULL EŞYALI 1+0 KİRALIK DAİRE,"Kağıthane,",22.500,50,60,1+0 (Stüdyo),1+0 (Stüdyo),1,56
KAĞITHANE SEYRANTEPE'DE METROYA 6 DK OTOPARKLI ASANSÖRLÜ YENİ BİNADA 2+1 85M2,"Kağıthane,",23.000,80,85,2+1,2,1,34
KAĞITHANE SEYRANTEPE'DE CADDE ÜZERİNDE 3+1 130M2 METROYA 3 DK,"Kağıthane,",24.000,120,130,3+1,3,1,25
ERENKÖY MİNİBÜS YOLU ÜSTÜNDE KİRALIK KOMBİLİ 2+1 DAİRE,"Kadıköy,",29.500,80,100,2+1,2,1,60
BAĞDAT CADDESİ SAHİL ARASI CADDEBOSTAN 'DA GENÇ BİNA DA BALKONLU,"Kadıköy,",110.000,120,140,3+1,3,2,56
Cihangir Superb Flat with Garden and Furniture For Rent,"Beyoğlu,",50.000,75,90,2+1,2,1,31
Beyoğlu Historical Building Near Galata 1+1 Furnished Flat,"Beyoğlu,",55.000,75,80,1+1,1,1,22
Büyükçekmece Casabluda Deniz Manzaralı 2+1 Kapalı Mutfak Dubleks,"Büyükçekmece,",35.000,102,180,2+1,2,2,24
TÜRKİYE EMLAK ANADOLU MAH 2+1 EŞYALI KİRALIK 85m2 B.KAT DAİRE,"Arnavutköy,",17.000,75,85,2+1,2,1,28
IŞILDAN LEBIDERYA DENİZ MANZARALI SİNANOBADA 2+1 KİRALIK DAİRE,"Büyükçekmece,",26.000,120,130,2+0,2+0,2,38
"Şaşkınbakkal'da Dz.Mnz.lı, Balkonlu, Ebeveyn Banyolu Kiralık 3+1","Kadıköy,",95.000,120,145,3+1,3,2,36
YEŞİLYURT EMLAKTAN YEŞİLYURTTA 3+SALON 125M2 KİRALIK BAHÇE KATI,"Bakırköy,",65.000,110,125,3+1,3,2,58
MİMAROBA MERKEZ'DE  İSTEĞE BAĞLI SEZONLUK DENİZ VE CADDE MANZARALI 3+1 KİRALIK DAİRE,"Büyükçekmece,",35.000,130,140,3+1,3,2,24
JOY EMLAKTAN TEPEÜSTÜ MEYDANDA ANA CADE ÜZERİ  DAYALI DÖŞELİ DENİZ MANZARALI KİRALIK 2+1 DAİRE,"Küçükçekmece,",23.000,90,100,2+1,2,1,20
INVEST LAKE DEN FATİH MAH.2+1..75M2..3.KAT KİRALIK DAİRE,"Küçükçekmece,",29.000,75,90,2+1,2,1,17
INVEST LAKE DEN FATİH MAH.2+1SALON..75M2..2.KAT..,"Küçükçekmece,",29.000,75,90,2+1,2,1,16
Çiftçi Tower Kiralık 3+1 B Tipi Yüksek Kat Manzaralı Daire,"Beşiktaş,",220.000,220,240,3+1,3,3,18
ŞİŞLİ GÜLBAHAR MAH GÜVERCİN SOKAK 4+1 140 M2 KİRALIK DAİRE,"Şişli,",25.000,120,140,4+1,4,2,40
"MENDERES MAH. METRO,MEYDAN YAKIN, 2+1, 90m2, 4.KAT TEMİZ KİRALIK DAİRE,","Esenler,",10.000,90,100,2+1,2,1,94
IŞIL DAN GÜZELCEDE YOL ÜZERİNDEÇIFT GİRİŞLİ DUBLEX 3+1 KİRALIK,"Büyükçekmece,",33.000,250,300,3+1,3,2,32
Beşiktaş-Gayrettepe / Eşyalı 1+1 Kiralık Daire,"Beşiktaş,",41.000,70,80,1+1,1,1,16
ESENYURT TURGUT ÖZAL MAH KİRALIK 2+1 METROBÜSE YAKIN DAİRE,"Esenyurt,",14.000,85,90,2+1,2,1,48
AVCILAR FİRİZKÖY KİRALIK 3+1 ARA KAT,"Avcılar,",17.000,115,120,3+1,3,1,34
ESENYURT SAADETDERE KİRALIK 2+1 ARA KAT DAİRE,"Esenyurt,",15.000,100,110,2+1,2,1,37
Büyükçekmece Casabluda Deniz Manzaralı 2+1 Açık Mutfak Dubleks,"Büyükçekmece,",32.500,85,127,2+1,2,2,13
"NAMIK KEMAL MH. YTÜ ÜNİ YAKIN, TERAZİDERE METRO YAKIN, SIFIR BİNA ! 2+1, 70m2, 3.KAT KİRALIK DAİRE","Esenler,",24.000,60,70,2+1,2,1,11
Cadde Üzerinde Full Deniz Manzaralı Kiralık Sıfır 2+1 Daire,"Avcılar,",31.000,75,80,2+1,2,1,9
ÇEKMEKÖY ALEMDAĞ DA KİRALIK 2+1ARA KAT DAİRE,"Çekmeköy,",24.000,65,80,2+1,2,1,7
"FEVZİ ÇAKMAK MH. METRO,MEYDAN YAKIN, 2+1 90m2, 4.KAT KİRALIK DAİRE","Esenler,",15.000,90,95,2+1,2,1,9
Torunlar Emlak Kirazlı Mah 1+1 Kiralık Bekara Uygun Bodrum Daire,"Bağcılar,",5.500,60,80,1+1,1,1,5
Torunlar Emlak YENİ Mah 1+1 Kiralık Bekara Uygun Bodrum Daire,"Bağcılar,",9.000,65,70,1+1,1,1,5
GLOBALDEN 3+1 MECİDİYEKÖYDE EŞYALI FERAH DAİRE,"Şişli,",35.000,105,110,3+1,3,2,6
ETİLER DE MASRAFSIZ DEKARASYONLU 3+1 FERAH KİRALIK DAİRE,"Beşiktaş,",75.000,100,120,3+1,3,1,38
++GLOBAL'DEN 3+1 FIRSAT EŞYALI BALKONLU DAİRE++,"Şişli,",26.000,105,110,3+1,3,2,6
Bağcılar Yıldıztepe Mahallesi 582. Sokak'ta 2+1 Kiralık Daire,"Bağcılar,",16.000,70,80,2+1,2,1,17
CADDEBOSTAN İSKELE SK. KONUT VE İŞ YERİNE UYGUN 3+1 155M2 SIFIR!,"Kadıköy,",155.000,134,155,3+1,3,2,60
GLOBAL'DEN 1+0 LÜKS EŞYALI STÜDYO DAİRE,"Beşiktaş,",30.000,55,60,1+0 (Stüdyo),1+0 (Stüdyo),1,2
Bahçelievler Öğretmenevi Arkası Yeni Binada 3+1 200m2 Ultra Lüks,"Bahçelievler,",70.000,175,201,3+1,3,2,16
TÜRKİYE EMLAK BAGCILAR ÇINAR MAH 3+1 130m2 4.KAT KİRALIK DAİRE,"Bağcılar,",20.000,120,130,3+1,3,1,20
KÜÇÜKÇKEMECE HALKALI ATAKENT TOKİ FULYA'DA 2+1 EŞYALI KİRALIK,"Küçükçekmece,",30.000,56,75,2+1,2,1,201
LEVENT SAPPHİRE FFERAH KAT BAHÇELİ BOĞAZ MANZARALI KİRALIK 5+1,"Şişli,",310.000,550,650,5+1,5,5,56
Bahçelievler İstwest'de Kiralık 4+1 Dekorasyonlu Daire,"Bahçelievler,",90.000,175,210,4+1,4,3,40
Zorlu Center Kiralık 179 m2 Manzaralı 2+1 Balkonlu Şık Daire,"Beşiktaş,",240.000,140,179,2+1,2,2,
Ebruli Ispartakule 2. Etap'ta 21. Kat Eşyalı 3+1 Kiralık Daire,"Avcılar,",35.000,120,168,3+1,3,2,16
GÜNGÖREN SANAYİ MAH. KİRALIK 2+1 DAIRE ARAKAT GENİŞ,"Güngören,",22.000,80,95,2+0,2+0,1,48
ÜMRANİYE AVRUPA KONUTLARI  YAMANEVLER  RESIDENCE 1+1 BALKONLU KİRALIK DAİRE,"Ümraniye,",46.000,50,74,1+1,1,1,56
LEVENT HUKUKÇULAR SİTESİ'NDE 3+1 KİRALIK DAİRE,"Beşiktaş,",70.000,150,165,3+1,3,2,56
KAĞITHANE SULTAN SELİM MAHALLESİNDE 2+1 80M2 ASANSÖRLÜ KLİMALI,"Kağıthane,",26.000,75,80,2+1,2,1,64
Şişli Bomonti  2+1 Kiralık Daire Cadde Üzeri Modern Tasarım,"Şişli,",55.000,120,140,2+1,2,1,66
Şişli Elmadağ Aydınlık 3+1 Kiralık Daire Cadde Üzerinde,"Şişli,",70.000,130,155,3+1,3,2,28
Nişantaşı Maçka Armani Residence Kiralık 1+1 Eşyalı Daire,"Beşiktaş,",120.000,100,141,1+1,1,1,31
Eclipse Maslak Resdence Kiralık Mobilyalı Balkonlu 2+1 Daire,"Sarıyer,",85.000,95,130,2+1,2,2,44
Bomonti Residences By Rotana Boğaz Manzaralı Eşyalı 2+1 Kiralık,"Şişli,",85.000,85,100,2+1,2,2,86
Üsküdar Bağlarbaşında Cadde Üzerinde Merkezi Lokasyonda 3.Kat Full Eşyalı 2+1 90 m² Kiralık Daire,"Üsküdar,",32.000,85,90,2+1,2,1,38
DEMİR LİFE'TE GÖL MANZARALI YÜKSEK KAT SIFIR 1+1 KİRALIK DAİRE,"Büyükçekmece,",21.000,54,96,1+1,1,1,12
Bahçelievler Soğanlı Mahallesin de 2+1 Kiralık Daire,"Bahçelievler,",18.000,75,80,2+1,2,1,25
AVANGART İSTANBUL 4+1 EŞYALI KİRALIK DAİRE-VADİSTANBUL-RENT,"Sarıyer,",100.000,150,250,4+1,4,2,9
GRV EMLAK'TAN ZÜBEYDE HANIM MAH. KİRALIK 2+1 BODRUM KAT DAİRE,"Sultangazi,",15.000,70,80,2+1,2,1,24
Siyavuşpaşa Merkezde 3+1 115 m2 5.Kat Temiz Ferah Kiralık Daire,"Bahçelievler,",16.000,110,115,3+1,3,1,35
"ESENLER DÖRTYOL MEYDAN LÜX SİTE İÇERİSİNDE, OTOPARKLI, 2+1 80m2 10.KAT KİRALIK DAİRE","Esenler,",27.000,75,80,2+1,2,1,9
ŞİŞLİ-TAKSİM-BEYOĞLU KISA & UZUN DÖNEM FULL EŞYALI 1+1 !!,"Şişli,",35.000,55,64,1+1,1,1,26
Dap Yapı Nısantası Koru Projesınde 2. El Fırmasından Kıralık 3+1 Teraslı,"Şişli,",415.000,124,290,3+1,3,3,14
ESENYURT YUNUS EMRE MAHALLESİNDE 2+1 KİRALIK FIRSATI,"Esenyurt,",15.000,90,100,2+1,2,1,8
TURYAP GÖZTEPE DEN TÜTÜNCÜ MEHMET EFENDİ DE 2+1 KİRALIK DAİRE,"Kadıköy,",65.000,85,115,2+1,2,1,97
DAP YAPI NISANTASI KORU PROJESINDE 2. EL FIRMASINDAN KIRALIK 3+1,"Şişli,",315.000,167,223,3+1,3,3,12
ALTINTEPE MAHALLESİNDE BAKIMLI TEMİZ 2+1 EŞYALI KİRALIK,"Maltepe,",34.000,70,90,2+1,2,1,20
NİŞANTAŞI KORU KİRALIK 2+1 BAHÇE DUBLEKSİ,"Şişli,",250.000,135,196,2+1,2,2,6
Beykoz İncirköy mahallesinde kiralık arakat daire,"Beykoz,",20.000,90,100,3+1,3,1,23
Bakırköy Kartaltepe İncirli Cadde Üzeri Kiralık 2+1 Daire,"Bakırköy,",50.000,85,90,2+1,2,1,13
Bahçelievler İstwest'de Kiralık 1+0 Full Eşyalı Daire,"Bahçelievler,",26.000,30,43,1+0 (Stüdyo),1+0 (Stüdyo),1,1
Kozyatağı Belediye Blokları Çift Cephe Arakat 2+1 Kiralık Daire,"Kadıköy,",36.000,85,95,3+1,3,1,36
ALTUNİZADE İCADİYE KESİŞİM BAKIMLI KULLANIŞLI KİRALIK KAÇIRMAYIN,"Üsküdar,",30.000,60,75,2+1,2,1,19
Bakırköy Kartaltepe İncirli Cadde Üzeri Kiralık 2+1 Daire,"Bakırköy,",50.000,85,90,2+1,2,1,36
KAĞITHANE NURTEPE MAHALLESİNDE YENİ BİNADA METROYA 1 DK 2+1 80M2,"Kağıthane,",25.000,75,80,2+1,2,1,78
GÖZTEPE TANZİMAT SOKAKTA YENİ BİNADA 2+1 KİRALIK DAİRE,"Kadıköy,",75.000,70,80,2+1,2,1,18
Nef 22 Ataköy'de 48 M2 İtalyan Eşyalı 1+1 Kiralık Daire,"Bakırköy,",32.000,35,48,1+1,1,1,36
Ataköy Novus Residence'de 76 m2 Mobilyalı Balkonlu 1+1 Kiralık,"Bakırköy,",47.000,70,76,1+1,1,1,48
KW PLATİN KARMADAN DARÜŞŞAFAKA'DA 4+2 KİRALIK DUBLEKS DAİRE..4+2 HARİKA DUBLEKS..,"Sarıyer,",95.000,280,300,6+2,6,3,21
DERİN'DEN MİKA NATURALİST'DE BOŞ 1+1 ŞIK DAİRE !!,"Eyüpsultan,",32.000,43,57,1+1,1,1,64
KAYAŞEHİR 24.BÖLGEDE GÜZELBAĞ KONUTLARI 1+1 KİRALIK DAİRE,"Başakşehir,",18.000,45,48,1+1,1,1,43
Beyoğlu Kiralık Daire 2+1 Cihangir'de Aydınlık Ferah,"Beyoğlu,",43.000,120,150,2+1,2,1,19
Çağlayan mah 1+1 65mk teras kat kiralık daire metroya yakın,"Kağıthane,",17.000,55,65,1+1,1,1,16
"Başokur'dan Bahçelievler,de Üçevler Camii Karşısı 2+1 KİRALIK","Bahçelievler,",14.000,75,78,2+1,2,1,10
TAŞDELEN MERKEZİ KONUM KİRALIK TEMİZ 2+1 BALKONLU,"Çekmeköy,",29.500,95,115,2+1,2,2,5
Başokur'dan Güngören Haznedar Posta Cad. Kuyulu Camii Yanı 2+1,"Güngören,",20.000,90,95,2+1,2,1,34
Maltepe Altıntepe Çatı Dubleksi Kiralık Daire 3 + 1 Boş Teraslı,"Maltepe,",55.000,127,190,2+1,2,1,26
GÜLTEPE MAH. METROBÜSE 5 DAKİKA 2+1 KİRALIK DAİRE,"Küçükçekmece,",17.250,80,90,2+1,2,1,8
SAKIZAĞACINDA DENİZ MANZARALI ASANSÖRLÜ ÇOK TEMİZ KİRALIK,"Bakırköy,",58.000,100,120,3+1,3,1,42
Kadıköy Fikirtepe Concord İstanbul Kiralık Temiz Büyük 1+1 Daire,"Kadıköy,",33.500,45,60,1+1,1,1,24
Beyoğlu Kiralık Daire Tarihi Bina Deniz Manzaralı Ortak Teraslı Eşyalı 2+1,"Beyoğlu,",67.000,75,85,2+0,2+0,1,26
YALÇIN'DAN BARBAROS BULVARI PARALELİ 110 M2 2+1 KİRALIK KONUT,"Beşiktaş,",32.000,90,110,2+1,2,1,24
"DÖRTYOL MEYDANDA YÜRÜYÜŞ YOLU YAKIN MERKEZDE 2+1 100m2, 4.KAT GENİŞ FERAH KİRALIK DAİRE","Esenler,",19.000,100,105,2+1,2,1,16
DAP YAPI NISANTASI KORU PROJESINDE 2. EL FIRMASINDAN KIRALIK 1+1,"Şişli,",120.000,51,85,1+1,1,1,2
DAP YAPI NISANTASI KORU PROJESINDE 2. EL FIRMASINDAN KIRALIK 2+1,"Şişli,",150.000,72,116,2+1,2,1,2
DAP YAPI NISANTASI KORU PROJESINDE 2. EL FIRMASINDAN KIRALIK 3+1,"Şişli,",325.000,182,242,3+1,3,3,1
KAĞITHANE SULTAN SELİM MAH. METRO 10DK 70m2 2+1 KİRALIK DAİRE,"Kağıthane,",22.000,60,70,2+1,2,1,68
Cihangir'de Emsalsiz Süper Deniz Manzaralı Yenilenmiş Ful Eşyalı (2)Klimalı Kombili (2+1)(95 m2),"Beyoğlu,",23.500.000,90,95,2+1,2,1,131
ETİLER ÇAMLIK GÜLAN SİTESİ'NDE MASRASFIZ 3+1 KİRALIK MANZARALI,"Beşiktaş,",220.000,247,270,3+1,3,2,26
YEŞİLYURT EMLAKTAN SAHİLE YAKIN TEMİZ AYDINLIK 3+1 200M2 ARAKAT,"Bakırköy,",55.000,180,200,3+1,3,2,48
"DÖRTYOL MEYDANDA KADİR TOPBAŞ YAKIN, 2+1 95M2 4.KAT TEMİZ KULLANIŞLI KİRALIK DAİRE","Esenler,",18.000,90,95,2+1,2,2,12
"MENDERES MAH.METRO MEYDAN YAKIN,  2+1 90m2,TEMİZ, DÜZ GİRİŞ KAT, KİRALIK DAİRE","Esenler,",14.500,90,100,2+1,2,2,13
MÜSLÜM EMLAKTAN MEMURA UYGUN 3+1 EŞYALI KİRALIK DAİRE,"Avcılar,",20.500,130,140,3+1,3,1,14
** 1+1 GENİŞLİĞİNDE !FATURALAR DAHİL! FULL+FULL FIRSAT DAİRE,"Şişli,",30.000,27,35,1+1,1,1,3
Fenerbahçe Güvenlikli Yüzme Havuzlu Boş veya Mobilyalı Kiralık,"Kadıköy,",89.000,120,150,3+1,3,1,33
NİŞANTAŞI KORU 2+1 LÜKS KİRALIK DAİRE,"Şişli,",200.000,74,118,2+1,2,1,4
NİŞANTAŞI KORU 1+1 LÜKS KİRALIK DAİRE,"Şişli,",120.000,61,106,1+1,1,1,3
ASTORİA YAKINI KOMBİLİ 3+1 BOYALI !!,"Şişli,",21.500,90,100,3+1,3,1,56
NİŞANTAŞI KORU 4+1 LÜKS KİRALIK DAİRE,"Şişli,",600.000,308,396,4+1,4,4,40
NİŞANTAŞI KORU 3+1 LÜKS KİRALIK DAİRE,"Şişli,",300.000,186,234,3+1,3,3,146
ERENKÖY ETHEMEFENDİDE 100M2 2+1 ANKASTRE MUTFAKLI KİRALIK DAİRE,"Kadıköy,",58.000,83,100,2+1,2,1,57
Fenerbahçe Güvenlikli Yüzme Havuzlu Boş veya Mobilyalı Kiralık,"Kadıköy,",89.000,120,150,3+1,3,1,41
"ÜSKÜDAR BULGURLU'DA KİRALIK 3+1, 115 M2 SIFIR DAİRE","Üsküdar,",53.000,92,115,3+1,3,2,31
KAĞITHANE SEYRANTEPE MAHALLESİNDE 2+1 85M2 BAHÇELİ METROYA 6 DK YARI EŞYALI,"Kağıthane,",22.000,75,85,2+1,2,1,57
Beşiktaş Levazım Zorlu Center Kiralık 2+1 Daire,"Beşiktaş,",230.000,175,200,2+1,2,2,56
Zorlu Center Kiralık 3+1 Güncel Taşınmaya Hazır Boğaz Manzaralı,"Beşiktaş,",340.000,200,220,3+1,3,2,56
Bomonti Rotana Residence Yeni Blok'ta Kiralık 1+1 Balkonlu Daire,"Şişli,",60.000,60,65,1+1,1,1,25
Levent Sapphire Residence Kiralık 3+1 Müstakil Teraslı Daire,"Beşiktaş,",140.000,200,250,3+1,3,3,102
IŞIL DAN GÜZELCEDE BEYAZLAR SİTESİNDE YENİLENMİŞ KİRALIK VİLLA,"Büyükçekmece,",125.000,236,380,4+2,4,2,56
KAYALARDAN ŞENLİKKÖY MERKEZ SİTEDE MÜSTAKİL BAHÇE 2+1 110 metre²,"Bakırköy,",38.000,100,110,2+1,2,1,20
Caddebostan Mah. 'de KİRALIK daire;,"Kadıköy,",140.000,126,160,3+1,3,2,12
DAP YAPI NISANTASI KORU PROJESINDE 4+1 KİRALIK DAİRE,"Şişli,",500.000,312,400,4+1,4,4,50
Kağıthane şirintepe mahallesinde  2+1 80 m2 kiralık daire,"Kağıthane,",18.000,70,80,2+1,2,1,17
Avcılar Merkezde 3+1 Kiralık Daire,"Avcılar,",19.500,125,130,3+1,3,1,8
Müslüm Emlaktan Metrobüse Yakın Cihangirde arakat  Kiralık 3+1 Daire,"Avcılar,",22.500,120,125,3+1,3,1,15
Kartal İstmarina Yeni Eşyalı 3+1 Kiralık Daire İst marina( 357 ),"Kartal,",135.000,190,270,3+1,3,2,36
Ataşehir Dumankaya İkon Yeni Eşyalı 1+1 Kiralık Daire ( 125 ),"Ataşehir,",39.000,40,62,1+1,1,1,22
KAYIŞDAĞI MAHALLESİ 1+1 YÜKSEK GİRİŞ 55M,"Ataşehir,",25.000,55,60,1+1,1,1,28
ÇELİKTEPE MAHALLESİNDE CADDE ÜSTÜ 2+1 85 M2 KİRALIK DAİRE,"Kağıthane,",22.000,75,85,2+1,2,1,14
BAKIRKÖY MEYDANA YAKIN BOŞ 2+1 DAİRE,"Bakırköy,",25.000,65,70,2+1,2,1,11
Zorlu Center  Ofise Veya Konuta Uygun Geniş 1+1 Manzaralı,"Beşiktaş,",230.000,120,200,1+1,1,2,8
"ÜSKÜDAR BULGURLU'DA KİRALIK 2+1, 75 M2 SIFIR DAİRE","Üsküdar,",32.000,55,75,2+1,2,1,6
TİAMO'DAN 3+1 3 KAT ASANSÖRLÜ KOMBİLİ BOYASI YAPILMİŞ TEMİZ DAİRE,"Beşiktaş,",41.000,105,120,3+1,3,1,24
INVEST LAKE'DEN KANARYA'DA 2+1 KİRALIK DAİRE,"Küçükçekmece,",15.000,100,115,2+1,2,1,15
Fenerbahçe Güvenlikli Yüzme Havuzlu Balkonlu Kiralık Daire,"Kadıköy,",75.000,146,195,3+1,3,2,38
ULUS CADDE ÜZERİNE SİTE İÇİNDE MANZARALI 3+1 EŞYALI DUBLEKS DAİRE,"Beşiktaş,",90.000,120,130,3+1,3,2,31
Kağıthane sultan selim mahallesi 2+1 80m2 kiralık daire teraslı*,"Kağıthane,",25.000,70,85,2+1,2,1,24
SEYRANTEPE SON DURAKTA 4+1 140M2 KİRALIK DUBLEX DAİRE KAÇMAZ,"Kağıthane,",35.000,125,140,4+1,4,2,65
Beyoğlu Kiralık Daire Muhteşem Deniz Manzarası 2  Katta Oldukça Geniş Teras Dubleks,"Beyoğlu,",350.000,390,410,4+2,4,2,36
"İSTİNYE'DE GÜVENLİKLİ ,KAMERALI,OTOPARKLI SİTEDE 4+1 KİRALIK ÇATI DUBLEX","Sarıyer,",50.000,130,148,4+1,4,2,48
EMİRGAN'DA BOĞAZ MANZARALI KİRALIK MÜSTAKİL EV,"Sarıyer,",90.000,121,142,3+1,3,1,21
Cihangir'de Tam Göbekte Yüksek Tavanlı Yenilenmiş Bakımlı Süper Balkonlu Kombili (1+1)(70)m2,"Beyoğlu,",40.000,65,70,1+1,1,1,31
"Çiftçi Towers Kiralık Yüksek Kat 4,5+1 Manzaralı Daire","Beşiktaş,",400.000,300,360,4+1,4,4,31
ÇEKMEKÖY  KİRAZLIDERE  MAH 2+1 85 M2 BAHÇELİ ARAKAT KİRALIK DAİRE,"Çekmeköy,",20.000,85,90,2+1,2,1,34
METROBÜSE 5 DAKİKA YÜRÜME MESAFESİNDE 5+2 KİRALIK DUBLEX DAİRE,"Bahçelievler,",30.000,165,180,5+2,5,2,17
TORUNLAR EMLAKTAN YAVUZSELİMDE KİRALIK 2+1 Boş DAİRE D.GAZLI,"Bağcılar,",10.000,90,95,2+1,2,1,7
"Maçka Armani Rezidans Kiralık 3,5+1 Boğaz Manzaralı Daire","Beşiktaş,",300.000,290,360,4+1,4,3,10
ESENYURT AKEVLERDE BUTİK SİTE METROBÜSE YAKIN 2+1 KİRALIK DAİRE,"Esenyurt,",15.000,75,80,2+1,2,1,31
ESENYURT TALATPAŞA DA 2+1 90m2 3.KAT KİRALIK DAİRE,"Esenyurt,",14.000,90,95,2+1,2,1,62
ESENYURT AKEVLER DE BUTİK SİTE İÇERİSİN DE 2+1 KİRALIK DAİRE,"Esenyurt,",18.000,85,90,2+1,2,1,32
LEVENT PETROL SİTESİNDE 2+1 YÜKSEK GİRİŞ BOŞ KİRALIK,"Beşiktaş,",55.000,85,100,2+1,2,1,26
Kağıthane şirintepe mahallesi site içi 1+1 eşyalı kiralık daire,"Kağıthane,",25.000,42,47,1+1,1,1,56
TURYAP GÖZTEPE DEN ÇAMLICA DA DEKORASYONLU KİRALIK LÜKS DAİRE,"Üsküdar,",95.000,275,300,3+1,3,2,56
TURYAP GÖZTEPE DEN ANTRİVA DA 5+1 KİRALIK MÜSTAKİL LÜKS VİLLA,"Beykoz,",145.000,500,580,5+1,5,3,176
GÜMÜŞSUYU DENİZ MANZARALI DUBLEKS TASARIM 4+2 FULL EŞYALI DAİRE,"Beyoğlu,",230.000,220,260,4+1,4,3,45
DERİN'DEN İSTANBUL CAD.'DE SU VENUE'DE KİRALIK FERAH LOFT OFİS!,"Eyüpsultan,",89.000,190,259,2+2,2,2,32
Esenyurt Üçevler Mahallesi'nde 1+1 kiralık Daire,"Esenyurt,",9.000,55,65,1+1,1,1,38
IŞIL DAN DENİZ MANZARALI MİMAROBA MERKEZDE YAPILI 3+1 KİRALIK DAİRE,"Büyükçekmece,",28.000,135,141,3+1,3,1,30
ÜSKÜDAR EMAAR YAKIN KİRALIK 2+2 DUBLEKS DAİRE,"Üsküdar,",37.000,130,140,2+2,2,1,25
DENIZ ISTANBUL DA KIRALIK 2+1 ESYALI BOS DAIRE FOR RENT,"Beylikdüzü,",45.000,95,110,2+2,2,2,23
As Maslak Aylık Ödeme Full Orman Mnz. Eşyasız Kiralık 1+1 Daire,"Sarıyer,",55.000,55,70,1+1,1,1,13
Ağaoğlu My Home Sitesi Güncel Kiralık 1+1 Eşyalı Daire,"Sarıyer,",50.000,65,85,1+1,1,1,11
ÜSKÜDAR LALE KISIKLI KONAKLARINDA KİRALIK 2+1 SIFIR DAİRE,"Üsküdar,",65.000,91,99,2+1,2,2,16
"IŞIL DAN GÜZELCEDE TEMİZ,GENİŞ 2+1 KİRALIK DAİRE","Büyükçekmece,",20.000,100,120,2+1,2,2,9
MY HOME MASLAK 1+1 FULL EŞYALI ORMAN MANZ. FIRSAT KİRALIK DAİRE,"Sarıyer,",45.000,55,75,1+1,1,1,8
Mecidiyeköy Trump arkası 2+1 Kiralık,"Şişli,",18.000,75,85,2+1,2,1,11
AĞAOĞLU MY CITY'DE 2+1 ÇİFT BANYOLU KULLANIŞLI DAİRE,"Bahçelievler,",48.000,69,91,2+1,2,2,44
"GÖKTÜRK SEBA RESERVE SİTESİNDE BALKONLU ARA KAT 3,5+1 KİRALIK!","Eyüpsultan,",115.000,125,168,3+1,3,3,39
AĞAOĞLU MASLAK MY HOME 1+1 KİRALIK EŞYALI DAİRE-GÜNCEL -RENT,"Sarıyer,",50.000,55,75,1+1,1,1,10
SUADİYE ŞAŞKINDA 3+1 EŞYALI KİRALIK DAİRE,"Kadıköy,",65.000,92,120,3+1,3,1,56
AĞAOĞLU MASLAK 1453 1+0 (STÜDYO) EŞYALI KİRALIK DAİRE/FURNISHED,"Sarıyer,",40.000,50,65,1+0 (Stüdyo),1+0 (Stüdyo),1,9
Feneryolu Bağdat Caddesi 2. Bina 4+1 Balkonlu Güvenlikli Binada,"Kadıköy,",68.000,172,220,4+1,4,2,28
